{
"type": "FeatureCollection",
"features": [
{ "type": "Feature", "properties": { "scalerank": 1, "featurecla": "Admin-0 country", "LABELRANK": 3.0, "SOVEREIGNT": "Afghanistan", "SOV_A3": "AFG", "ADM0_DIF": 0.0, "LEVEL": 2.0, "TYPE": "Sovereign country", "ADMIN": "Afghanistan", "ADM0_A3": "AFG", "GEOU_DIF": 0.0, "GEOUNIT": "Afghanistan", "GU_A3": "AFG", "SU_DIF": 0.0, "SUBUNIT": "Afghanistan", "SU_A3": "AFG", "BRK_DIFF": 0.0, "NAME": "Afghanistan", "NAME_LONG": "Afghanistan", "BRK_A3": "AFG", "BRK_NAME": "Afghanistan", "BRK_GROUP": null, "ABBREV": "Afg.", "POSTAL": "AF", "FORMAL_EN": "Islamic State of Afghanistan", "FORMAL_FR": null, "NAME_CIAWF": "Afghanistan", "NOTE_ADM0": null, "NOTE_BRK": null, "NAME_SORT": "Afghanistan", "NAME_ALT": null, "MAPCOLOR7": 5.0, "MAPCOLOR8": 6.0, "MAPCOLOR9": 8.0, "MAPCOLOR13": 7.0, "POP_EST": 34124811.0, "POP_RANK": 15.0, "GDP_MD_EST": 64080.0, "POP_YEAR": 2017.0, "LASTCENSUS": 1979.0, "GDP_YEAR": 2016.0, "ECONOMY": "7. Least developed region", "INCOME_GRP": "5. Low income", "WIKIPEDIA": -99.0, "FIPS_10_": "AF", "ISO_A2": "AF", "ISO_A3": "AFG", "ISO_A3_EH": "AFG", "ISO_N3": "004", "UN_A3": "004", "WB_A2": "AF", "WB_A3": "AFG", "WOE_ID": 23424739.0, "WOE_ID_EH": 23424739.0, "WOE_NOTE": "Exact WOE match as country", "ADM0_A3_IS": "AFG", "ADM0_A3_US": "AFG", "ADM0_A3_UN": -99.0, "ADM0_A3_WB": -99.0, "CONTINENT": "Asia", "REGION_UN": "Asia", "SUBREGION": "Southern Asia", "REGION_WB": "South Asia", "NAME_LEN": 11.0, "LONG_LEN": 11.0, "ABBREV_LEN": 4.0, "TINY": -99.0, "HOMEPART": 1.0, "MIN_ZOOM": 0.0, "MIN_LABEL": 3.0, "MAX_LABEL": 7.0 }, "geometry": { "type": "Polygon", "coordinates": [ [ [ 61.210817091725744, 35.650072333309225 ], [ 62.230651483005886, 35.270663967422294 ], [ 62.98466230657661, 35.404040839167621 ], [ 63.193538445900352, 35.857165635718914 ], [ 63.98289594915871, 36.007957465146603 ], [ 64.546479119733903, 36.312073269184268 ], [ 64.746105177677407, 37.111817735333304 ], [ 65.588947788357842, 37.305216783185642 ], [ 65.745630731066825, 37.661164048812068 ], [ 66.217384881459338, 37.39379018813392 ], [ 66.51860680528867, 37.362784328758792 ], [ 67.075782098259623, 37.356143907209287 ], [ 67.829999627559516, 37.144994004864685 ], [ 68.135562371701383, 37.023115139304309 ], [ 68.859445835245936, 37.344335842430596 ], [ 69.196272820924378, 37.151143500307427 ], [ 69.518785434857961, 37.60899669041342 ], [ 70.116578403610333, 37.588222764632093 ], [ 70.270574171840138, 37.735164699854025 ], [ 70.376304152309302, 38.138395901027522 ], [ 70.806820509732887, 38.486281643216415 ], [ 71.348131137990265, 38.258905341132163 ], [ 71.239403924448169, 37.953265082341886 ], [ 71.541917759084782, 37.905774441065645 ], [ 71.448693475230243, 37.06564484308052 ], [ 71.844638299450594, 36.738171291646921 ], [ 72.193040805962397, 36.948287665345674 ], [ 72.636889682917285, 37.047558091778356 ], [ 73.260055779925011, 37.495256862939002 ], [ 73.9486959166465, 37.4215662704908 ], [ 74.980002475895418, 37.419990139305895 ], [ 75.158027785140916, 37.133030910789117 ], [ 74.575892775372978, 37.020841376283457 ], [ 74.067551710917826, 36.836175645488453 ], [ 72.920024855444467, 36.720007025696319 ], [ 71.846291945283923, 36.509942328429858 ], [ 71.26234826038575, 36.074387518857804 ], [ 71.498767938121091, 35.650563259416003 ], [ 71.613076206350712, 35.153203436822864 ], [ 71.115018751921639, 34.733125718722235 ], [ 71.156773309213463, 34.348911444632151 ], [ 70.881803012988399, 33.98885590263852 ], [ 69.930543247359594, 34.02012014417511 ], [ 70.323594191371598, 33.358532619758392 ], [ 69.687147251264861, 33.105498969041236 ], [ 69.262522007122556, 32.5019440780883 ], [ 69.317764113242561, 31.901412258424443 ], [ 68.926676873657669, 31.620189113892067 ], [ 68.556932000609322, 31.713310044882018 ], [ 67.792689243444784, 31.582930406209631 ], [ 67.683393589147471, 31.303154201781421 ], [ 66.938891229118468, 31.304911200479353 ], [ 66.381457553986024, 30.738899237586452 ], [ 66.346472609324422, 29.887943427036177 ], [ 65.046862013616106, 29.472180691031905 ], [ 64.350418735618518, 29.560030625928093 ], [ 64.148002150331251, 29.340819200145972 ], [ 63.550260858011171, 29.468330796826166 ], [ 62.549856805272782, 29.318572496044311 ], [ 60.874248488208792, 29.829238999952608 ], [ 61.781221551363444, 30.735850328081238 ], [ 61.699314406180832, 31.379506130492672 ], [ 60.941944614511129, 31.548074652628753 ], [ 60.863654819588966, 32.182919623334428 ], [ 60.536077915290775, 32.981268825811568 ], [ 60.963700392506006, 33.528832302376259 ], [ 60.528429803311582, 33.676446031218006 ], [ 60.803193393807447, 34.404101874319863 ], [ 61.210817091725744, 35.650072333309225 ] ] ] } },
{ "type": "Feature", "properties": { "scalerank": 1, "featurecla": "Admin-0 country", "LABELRANK": 3.0, "SOVEREIGNT": "Angola", "SOV_A3": "AGO", "ADM0_DIF": 0.0, "LEVEL": 2.0, "TYPE": "Sovereign country", "ADMIN": "Angola", "ADM0_A3": "AGO", "GEOU_DIF": 0.0, "GEOUNIT": "Angola", "GU_A3": "AGO", "SU_DIF": 0.0, "SUBUNIT": "Angola", "SU_A3": "AGO", "BRK_DIFF": 0.0, "NAME": "Angola", "NAME_LONG": "Angola", "BRK_A3": "AGO", "BRK_NAME": "Angola", "BRK_GROUP": null, "ABBREV": "Ang.", "POSTAL": "AO", "FORMAL_EN": "People's Republic of Angola", "FORMAL_FR": null, "NAME_CIAWF": "Angola", "NOTE_ADM0": null, "NOTE_BRK": null, "NAME_SORT": "Angola", "NAME_ALT": null, "MAPCOLOR7": 3.0, "MAPCOLOR8": 2.0, "MAPCOLOR9": 6.0, "MAPCOLOR13": 1.0, "POP_EST": 29310273.0, "POP_RANK": 15.0, "GDP_MD_EST": 189000.0, "POP_YEAR": 2017.0, "LASTCENSUS": 1970.0, "GDP_YEAR": 2016.0, "ECONOMY": "7. Least developed region", "INCOME_GRP": "3. Upper middle income", "WIKIPEDIA": -99.0, "FIPS_10_": "AO", "ISO_A2": "AO", "ISO_A3": "AGO", "ISO_A3_EH": "AGO", "ISO_N3": "024", "UN_A3": "024", "WB_A2": "AO", "WB_A3": "AGO", "WOE_ID": 23424745.0, "WOE_ID_EH": 23424745.0, "WOE_NOTE": "Exact WOE match as country", "ADM0_A3_IS": "AGO", "ADM0_A3_US": "AGO", "ADM0_A3_UN": -99.0, "ADM0_A3_WB": -99.0, "CONTINENT": "Africa", "REGION_UN": "Africa", "SUBREGION": "Middle Africa", "REGION_WB": "Sub-Saharan Africa", "NAME_LEN": 6.0, "LONG_LEN": 6.0, "ABBREV_LEN": 4.0, "TINY": -99.0, "HOMEPART": 1.0, "MIN_ZOOM": 0.0, "MIN_LABEL": 3.0, "MAX_LABEL": 7.0 }, "geometry": { "type": "MultiPolygon", "coordinates": [ [ [ [ 23.904153680118185, -11.722281589406322 ], [ 24.079905226342845, -12.191296888887365 ], [ 23.930922072045377, -12.565847670138856 ], [ 24.016136508894675, -12.911046237848538 ], [ 21.933886346125917, -12.898437188369359 ], [ 21.887842644953874, -16.08031015387688 ], [ 22.562478468524262, -16.898451429921813 ], [ 23.215048455506064, -17.523116143465984 ], [ 21.377176141045538, -17.930636488519696 ], [ 18.956186964603603, -17.789094740472258 ], [ 18.263309360434164, -17.309950860262006 ], [ 14.209706658595024, -17.353100681225719 ], [ 14.05850141770901, -17.423380629142663 ], [ 13.462362094789967, -16.971211846588773 ], [ 12.814081251688407, -16.941342868724071 ], [ 12.215461460019355, -17.111668389558048 ], [ 11.734198846085093, -17.301889336824487 ], [ 11.640096062881639, -16.673142185129279 ], [ 11.778537224991538, -15.793816013250762 ], [ 12.123580763404391, -14.878316338767902 ], [ 12.175618930722322, -14.449143568583864 ], [ 12.50009524908296, -13.547699883684473 ], [ 12.738478631245385, -13.137905775609923 ], [ 13.312913852601895, -12.483630466362499 ], [ 13.633721144269856, -12.038644707897177 ], [ 13.738727654686897, -11.297863050993115 ], [ 13.68637942877524, -10.731075941615913 ], [ 13.387327915102219, -10.373578383020714 ], [ 13.120987583069819, -9.766897067914101 ], [ 12.875369500386597, -9.166933689005475 ], [ 12.929061313537858, -8.95909107832756 ], [ 13.236432732809931, -8.562629489784328 ], [ 12.933040398824289, -7.596538588087739 ], [ 12.728298374083948, -6.927122084178791 ], [ 12.227347039446499, -6.294447523629358 ], [ 12.322431674863511, -6.10009246177966 ], [ 12.735171339578699, -5.965682061388499 ], [ 13.024869419006961, -5.984388929878158 ], [ 13.375597364971895, -5.864241224799549 ], [ 16.326528354567046, -5.877470391466268 ], [ 16.573179965896145, -6.622644545115087 ], [ 16.860190870845202, -7.222297865429987 ], [ 17.089995965247169, -7.545688978712526 ], [ 17.472970004962235, -8.068551120641644 ], [ 18.134221632569052, -7.987677504104923 ], [ 18.464175652752687, -7.847014255406443 ], [ 19.016751743249671, -7.988245944860132 ], [ 19.166613396896111, -7.738183688999754 ], [ 19.41750247567316, -7.155428562044299 ], [ 20.037723016040218, -7.116361179231646 ], [ 20.091621534920648, -6.943090101756994 ], [ 20.601822950938271, -6.939317722199675 ], [ 20.514748162526502, -7.299605808138629 ], [ 21.728110792739699, -7.290872491081302 ], [ 21.746455926203311, -7.920084730667099 ], [ 21.949130893652043, -8.305900974158277 ], [ 21.8018013851879, -8.908706556842979 ], [ 21.875181919042348, -9.523707777548537 ], [ 22.208753289486395, -9.894796237836509 ], [ 22.155268182064304, -11.084801120653751 ], [ 22.402798292742375, -10.993075453335692 ], [ 22.837345411884741, -11.017621758674309 ], [ 23.45679080576744, -10.867863457892483 ], [ 23.912215203555718, -10.926826267137514 ], [ 24.017893507592589, -11.237298272347104 ], [ 23.904153680118185, -11.722281589406322 ] ] ], [ [ [ 12.182336866920252, -5.789930515163839 ], [ 11.91496300624209, -5.037986748884791 ], [ 12.318607618873926, -4.606230157086188 ], [ 12.620759718484493, -4.438023369976136 ], [ 12.995517205465177, -4.781103203961884 ], [ 12.631611769265788, -4.991271254092908 ], [ 12.468004184629706, -5.248361504744977 ], [ 12.436688266660868, -5.684303887559246 ], [ 12.182336866920252, -5.789930515163839 ] ] ] ] } },
{ "type": "Feature", "properties": { "scalerank": 1, "featurecla": "Admin-0 country", "LABELRANK": 6.0, "SOVEREIGNT": "Albania", "SOV_A3": "ALB", "ADM0_DIF": 0.0, "LEVEL": 2.0, "TYPE": "Sovereign country", "ADMIN": "Albania", "ADM0_A3": "ALB", "GEOU_DIF": 0.0, "GEOUNIT": "Albania", "GU_A3": "ALB", "SU_DIF": 0.0, "SUBUNIT": "Albania", "SU_A3": "ALB", "BRK_DIFF": 0.0, "NAME": "Albania", "NAME_LONG": "Albania", "BRK_A3": "ALB", "BRK_NAME": "Albania", "BRK_GROUP": null, "ABBREV": "Alb.", "POSTAL": "AL", "FORMAL_EN": "Republic of Albania", "FORMAL_FR": null, "NAME_CIAWF": "Albania", "NOTE_ADM0": null, "NOTE_BRK": null, "NAME_SORT": "Albania", "NAME_ALT": null, "MAPCOLOR7": 1.0, "MAPCOLOR8": 4.0, "MAPCOLOR9": 1.0, "MAPCOLOR13": 6.0, "POP_EST": 3047987.0, "POP_RANK": 12.0, "GDP_MD_EST": 33900.0, "POP_YEAR": 2017.0, "LASTCENSUS": 2001.0, "GDP_YEAR": 2016.0, "ECONOMY": "6. Developing region", "INCOME_GRP": "4. Lower middle income", "WIKIPEDIA": -99.0, "FIPS_10_": "AL", "ISO_A2": "AL", "ISO_A3": "ALB", "ISO_A3_EH": "ALB", "ISO_N3": "008", "UN_A3": "008", "WB_A2": "AL", "WB_A3": "ALB", "WOE_ID": 23424742.0, "WOE_ID_EH": 23424742.0, "WOE_NOTE": "Exact WOE match as country", "ADM0_A3_IS": "ALB", "ADM0_A3_US": "ALB", "ADM0_A3_UN": -99.0, "ADM0_A3_WB": -99.0, "CONTINENT": "Europe", "REGION_UN": "Europe", "SUBREGION": "Southern Europe", "REGION_WB": "Europe & Central Asia", "NAME_LEN": 7.0, "LONG_LEN": 7.0, "ABBREV_LEN": 4.0, "TINY": -99.0, "HOMEPART": 1.0, "MIN_ZOOM": 0.0, "MIN_LABEL": 5.0, "MAX_LABEL": 10.0 }, "geometry": { "type": "Polygon", "coordinates": [ [ [ 21.020040317476401, 40.84272695572588 ], [ 20.999989861747224, 40.580003973954007 ], [ 20.674996779063633, 40.434999904943027 ], [ 20.615000441172754, 40.110006822259351 ], [ 20.15001590341052, 39.624997666983973 ], [ 19.980000441170148, 39.694993394523408 ], [ 19.960001661873207, 39.915005805006047 ], [ 19.406081984136733, 40.250773423822466 ], [ 19.319058872157143, 40.727230129553561 ], [ 19.403549838954291, 41.409565741535459 ], [ 19.540027296637106, 41.719986070312757 ], [ 19.371768833094961, 41.877547512370654 ], [ 19.371768163347252, 41.877550679783496 ], [ 19.304486118250793, 42.19574514420782 ], [ 19.738051385179631, 42.688247382165571 ], [ 19.801613396898688, 42.500093492190842 ], [ 20.0707, 42.58863 ], [ 20.283754510181893, 42.320259507815081 ], [ 20.52295, 42.21787 ], [ 20.590246546680227, 41.855408919283626 ], [ 20.59024743010491, 41.855404161133606 ], [ 20.463175083099202, 41.51508901627534 ], [ 20.605181919037364, 41.086226304685226 ], [ 21.020040317476401, 40.84272695572588 ] ] ] } },
{ "type": "Feature", "properties": { "scalerank": 1, "featurecla": "Admin-0 country", "LABELRANK": 4.0, "SOVEREIGNT": "United Arab Emirates", "SOV_A3": "ARE", "ADM0_DIF": 0.0, "LEVEL": 2.0, "TYPE": "Sovereign country", "ADMIN": "United Arab Emirates", "ADM0_A3": "ARE", "GEOU_DIF": 0.0, "GEOUNIT": "United Arab Emirates", "GU_A3": "ARE", "SU_DIF": 0.0, "SUBUNIT": "United Arab Emirates", "SU_A3": "ARE", "BRK_DIFF": 0.0, "NAME": "United Arab Emirates", "NAME_LONG": "United Arab Emirates", "BRK_A3": "ARE", "BRK_NAME": "United Arab Emirates", "BRK_GROUP": null, "ABBREV": "U.A.E.", "POSTAL": "AE", "FORMAL_EN": "United Arab Emirates", "FORMAL_FR": null, "NAME_CIAWF": "United Arab Emirates", "NOTE_ADM0": null, "NOTE_BRK": null, "NAME_SORT": "United Arab Emirates", "NAME_ALT": null, "MAPCOLOR7": 2.0, "MAPCOLOR8": 1.0, "MAPCOLOR9": 3.0, "MAPCOLOR13": 3.0, "POP_EST": 6072475.0, "POP_RANK": 13.0, "GDP_MD_EST": 667200.0, "POP_YEAR": 2017.0, "LASTCENSUS": 2010.0, "GDP_YEAR": 2016.0, "ECONOMY": "6. Developing region", "INCOME_GRP": "2. High income: nonOECD", "WIKIPEDIA": -99.0, "FIPS_10_": "AE", "ISO_A2": "AE", "ISO_A3": "ARE", "ISO_A3_EH": "ARE", "ISO_N3": "784", "UN_A3": "784", "WB_A2": "AE", "WB_A3": "ARE", "WOE_ID": 23424738.0, "WOE_ID_EH": 23424738.0, "WOE_NOTE": "Exact WOE match as country", "ADM0_A3_IS": "ARE", "ADM0_A3_US": "ARE", "ADM0_A3_UN": -99.0, "ADM0_A3_WB": -99.0, "CONTINENT": "Asia", "REGION_UN": "Asia", "SUBREGION": "Western Asia", "REGION_WB": "Middle East & North Africa", "NAME_LEN": 20.0, "LONG_LEN": 20.0, "ABBREV_LEN": 6.0, "TINY": -99.0, "HOMEPART": 1.0, "MIN_ZOOM": 0.0, "MIN_LABEL": 4.0, "MAX_LABEL": 9.0 }, "geometry": { "type": "Polygon", "coordinates": [ [ [ 51.579518670463273, 24.245497137951105 ], [ 51.757440626844186, 24.294072984305469 ], [ 51.794389275932872, 24.019826158132506 ], [ 52.577080519425607, 24.177439276622707 ], [ 53.404006788960146, 24.15131684009917 ], [ 54.008000929587581, 24.121757920828216 ], [ 54.693023716048629, 24.797892360935091 ], [ 55.43902469261414, 25.439145209244941 ], [ 56.070820753814559, 26.055464178973981 ], [ 56.261041701080956, 25.714606431576769 ], [ 56.396847365144005, 24.924732163995486 ], [ 55.886232537668008, 24.920830593357447 ], [ 55.804118686756198, 24.269604193615294 ], [ 55.981213820220461, 24.130542914317857 ], [ 55.528631626208238, 23.933604030853502 ], [ 55.525841098864475, 23.524869289640932 ], [ 55.234489373602884, 23.110992743415324 ], [ 55.208341098863194, 22.708329982997046 ], [ 55.006803012924905, 22.496947536707136 ], [ 52.000733270074335, 23.00115448657894 ], [ 51.617707553926977, 24.014219265228832 ], [ 51.579518670463273, 24.245497137951105 ] ] ] } },
{ "type": "Feature", "properties": { "scalerank": 1, "featurecla": "Admin-0 country", "LABELRANK": 2.0, "SOVEREIGNT": "Argentina", "SOV_A3": "ARG", "ADM0_DIF": 0.0, "LEVEL": 2.0, "TYPE": "Sovereign country", "ADMIN": "Argentina", "ADM0_A3": "ARG", "GEOU_DIF": 0.0, "GEOUNIT": "Argentina", "GU_A3": "ARG", "SU_DIF": 0.0, "SUBUNIT": "Argentina", "SU_A3": "ARG", "BRK_DIFF": 0.0, "NAME": "Argentina", "NAME_LONG": "Argentina", "BRK_A3": "ARG", "BRK_NAME": "Argentina", "BRK_GROUP": null, "ABBREV": "Arg.", "POSTAL": "AR", "FORMAL_EN": "Argentine Republic", "FORMAL_FR": null, "NAME_CIAWF": "Argentina", "NOTE_ADM0": null, "NOTE_BRK": null, "NAME_SORT": "Argentina", "NAME_ALT": null, "MAPCOLOR7": 3.0, "MAPCOLOR8": 1.0, "MAPCOLOR9": 3.0, "MAPCOLOR13": 13.0, "POP_EST": 44293293.0, "POP_RANK": 15.0, "GDP_MD_EST": 879400.0, "POP_YEAR": 2017.0, "LASTCENSUS": 2010.0, "GDP_YEAR": 2016.0, "ECONOMY": "5. Emerging region: G20", "INCOME_GRP": "3. Upper middle income", "WIKIPEDIA": -99.0, "FIPS_10_": "AR", "ISO_A2": "AR", "ISO_A3": "ARG", "ISO_A3_EH": "ARG", "ISO_N3": "032", "UN_A3": "032", "WB_A2": "AR", "WB_A3": "ARG", "WOE_ID": 23424747.0, "WOE_ID_EH": 23424747.0, "WOE_NOTE": "Exact WOE match as country", "ADM0_A3_IS": "ARG", "ADM0_A3_US": "ARG", "ADM0_A3_UN": -99.0, "ADM0_A3_WB": -99.0, "CONTINENT": "South America", "REGION_UN": "Americas", "SUBREGION": "South America", "REGION_WB": "Latin America & Caribbean", "NAME_LEN": 9.0, "LONG_LEN": 9.0, "ABBREV_LEN": 4.0, "TINY": -99.0, "HOMEPART": 1.0, "MIN_ZOOM": 0.0, "MIN_LABEL": 2.0, "MAX_LABEL": 7.0 }, "geometry": { "type": "MultiPolygon", "coordinates": [ [ [ [ -66.95992, -54.89681 ], [ -67.56244, -54.87001 ], [ -68.63335, -54.8695 ], [ -68.634010227583246, -52.636370458874445 ], [ -68.25, -53.1 ], [ -67.75, -53.85 ], [ -66.45, -54.45 ], [ -65.05, -54.7 ], [ -65.5, -55.2 ], [ -66.45, -55.25 ], [ -66.95992, -54.89681 ] ] ], [ [ [ -68.571545376241318, -52.299443855346247 ], [ -69.498362189396062, -52.142760912637243 ], [ -71.914803839796321, -52.009022305865912 ], [ -72.329403856074009, -51.425956312872401 ], [ -72.309973517532342, -50.677009779666349 ], [ -72.975746832964688, -50.741450290734299 ], [ -73.328050910114456, -50.37878508890995 ], [ -73.415435757120093, -49.318436374712945 ], [ -72.648247443314915, -48.878618259476866 ], [ -72.331160854772008, -48.244238376661812 ], [ -72.447355312780246, -47.738532810253517 ], [ -71.917258470330182, -46.8848381487918 ], [ -71.552009446891304, -45.560732924177117 ], [ -71.65931555854533, -44.973688653341426 ], [ -71.222778896759706, -44.784242852559402 ], [ -71.329800788036181, -44.407521661151677 ], [ -71.793622606071921, -44.207172133156092 ], [ -71.464056159130479, -43.787611179378317 ], [ -71.915423956983886, -43.408564548517418 ], [ -72.148898078078503, -42.254888197601375 ], [ -71.746803758415524, -42.051386407235981 ], [ -71.915734015577613, -40.832339369470716 ], [ -71.680761277946431, -39.808164157878053 ], [ -71.413516608349056, -38.9160222307911 ], [ -70.814664272734689, -38.552995293940725 ], [ -71.11862504747549, -37.57682748794727 ], [ -71.121880662709884, -36.658123874662323 ], [ -70.364769253201644, -36.005088799789931 ], [ -70.388049485949068, -35.169687595359534 ], [ -69.817309129501552, -34.193571465798271 ], [ -69.814776984319224, -33.273886000299839 ], [ -70.074399380153608, -33.091209812148023 ], [ -70.535068935819538, -31.365010267870275 ], [ -69.919008348251907, -30.336339206668299 ], [ -70.01355038112996, -29.367922865518537 ], [ -69.656130337183129, -28.459141127233679 ], [ -69.001234910748252, -27.521213881136205 ], [ -68.295541551370377, -26.899339694935776 ], [ -68.594799770772653, -26.506908868111253 ], [ -68.386001146097328, -26.185016371365222 ], [ -68.417652960876183, -24.518554782816864 ], [ -67.3284429592442, -24.025303236590986 ], [ -66.985233934177728, -22.986348565362817 ], [ -67.106673550063604, -22.735924574476417 ], [ -66.273339402924847, -21.83231047942072 ], [ -64.964892137294612, -22.075861504812327 ], [ -64.377021043542257, -22.79809132252354 ], [ -63.986838141522476, -21.99364430103595 ], [ -62.846468471921561, -22.034985446869449 ], [ -62.685057135657885, -22.249029229422387 ], [ -60.846564704009921, -23.880712579038288 ], [ -60.02896603050403, -24.032796319273274 ], [ -58.80712846539501, -24.771459242453346 ], [ -57.777217169817938, -25.16233977630904 ], [ -57.633660040911131, -25.603656508081642 ], [ -58.618173590719749, -27.123718763947096 ], [ -57.609759690976141, -27.395898532828387 ], [ -56.486701626192996, -27.548499037386293 ], [ -55.695845506398172, -27.387837009390893 ], [ -54.788794928595053, -26.621785577096134 ], [ -54.625290696823576, -25.739255466415514 ], [ -54.13004960795439, -25.547639255477254 ], [ -53.628348965048744, -26.124865004177472 ], [ -53.648735317587892, -26.92347258881609 ], [ -54.490725267135524, -27.474756768505792 ], [ -55.162286342984572, -27.881915378533492 ], [ -56.290899624239081, -28.852760512000895 ], [ -57.625133429583002, -30.216294854454233 ], [ -57.874937303281882, -31.016556084926208 ], [ -58.142440355040762, -32.044503676076154 ], [ -58.132647671121447, -33.040566908502015 ], [ -58.349611172098889, -33.263188978815421 ], [ -58.427074144104388, -33.909454441057576 ], [ -58.49544206402652, -34.431489760070093 ], [ -57.225829637263701, -35.288026625307879 ], [ -57.362358771378808, -35.97739023208149 ], [ -56.737487352105433, -36.413125909166567 ], [ -56.788285285048318, -36.90157154718932 ], [ -57.749156867083485, -38.183870538079901 ], [ -59.231857062401843, -38.720220228837192 ], [ -61.237445237865586, -38.928424574541225 ], [ -62.33595699731012, -38.827707208004355 ], [ -62.1257631089629, -39.424104913084861 ], [ -62.330530971919501, -40.172586358400309 ], [ -62.145994432205214, -40.676896661136723 ], [ -62.745802781816963, -41.028761488612076 ], [ -63.770494757732592, -41.16678923926365 ], [ -64.732089809819712, -40.80267709733512 ], [ -65.118035244391564, -41.064314874028867 ], [ -64.978560553635816, -42.058000990569312 ], [ -64.303407965742451, -42.359016208669487 ], [ -63.755947842042332, -42.043686618824495 ], [ -63.458059048095862, -42.563138116222433 ], [ -64.37880388045636, -42.87355844499973 ], [ -65.181803961839762, -43.495380954767782 ], [ -65.328823411710118, -44.501366062193696 ], [ -65.565268927661577, -45.03678557716978 ], [ -66.50996578638933, -45.03962778094585 ], [ -67.293793911392413, -45.551896254255183 ], [ -67.580546434180064, -46.301772963242527 ], [ -66.597066413017245, -47.033924655953811 ], [ -65.641026577401504, -47.23613453551188 ], [ -65.985088263600801, -48.133289076531128 ], [ -67.166178961847635, -48.697337334996938 ], [ -67.816087612566434, -49.869668877970405 ], [ -68.728745083273225, -50.26421843851886 ], [ -69.138539191347775, -50.732510267947795 ], [ -68.815561489523589, -51.77110401159409 ], [ -68.149994879820383, -52.349983406127699 ], [ -68.571545376241318, -52.299443855346247 ] ] ] ] } },
{ "type": "Feature", "properties": { "scalerank": 1, "featurecla": "Admin-0 country", "LABELRANK": 6.0, "SOVEREIGNT": "Armenia", "SOV_A3": "ARM", "ADM0_DIF": 0.0, "LEVEL": 2.0, "TYPE": "Sovereign country", "ADMIN": "Armenia", "ADM0_A3": "ARM", "GEOU_DIF": 0.0, "GEOUNIT": "Armenia", "GU_A3": "ARM", "SU_DIF": 0.0, "SUBUNIT": "Armenia", "SU_A3": "ARM", "BRK_DIFF": 0.0, "NAME": "Armenia", "NAME_LONG": "Armenia", "BRK_A3": "ARM", "BRK_NAME": "Armenia", "BRK_GROUP": null, "ABBREV": "Arm.", "POSTAL": "ARM", "FORMAL_EN": "Republic of Armenia", "FORMAL_FR": null, "NAME_CIAWF": "Armenia", "NOTE_ADM0": null, "NOTE_BRK": null, "NAME_SORT": "Armenia", "NAME_ALT": null, "MAPCOLOR7": 3.0, "MAPCOLOR8": 1.0, "MAPCOLOR9": 2.0, "MAPCOLOR13": 10.0, "POP_EST": 3045191.0, "POP_RANK": 12.0, "GDP_MD_EST": 26300.0, "POP_YEAR": 2017.0, "LASTCENSUS": 2001.0, "GDP_YEAR": 2016.0, "ECONOMY": "6. Developing region", "INCOME_GRP": "4. Lower middle income", "WIKIPEDIA": -99.0, "FIPS_10_": "AM", "ISO_A2": "AM", "ISO_A3": "ARM", "ISO_A3_EH": "ARM", "ISO_N3": "051", "UN_A3": "051", "WB_A2": "AM", "WB_A3": "ARM", "WOE_ID": 23424743.0, "WOE_ID_EH": 23424743.0, "WOE_NOTE": "Exact WOE match as country", "ADM0_A3_IS": "ARM", "ADM0_A3_US": "ARM", "ADM0_A3_UN": -99.0, "ADM0_A3_WB": -99.0, "CONTINENT": "Asia", "REGION_UN": "Asia", "SUBREGION": "Western Asia", "REGION_WB": "Europe & Central Asia", "NAME_LEN": 7.0, "LONG_LEN": 7.0, "ABBREV_LEN": 4.0, "TINY": -99.0, "HOMEPART": 1.0, "MIN_ZOOM": 0.0, "MIN_LABEL": 5.0, "MAX_LABEL": 10.0 }, "geometry": { "type": "Polygon", "coordinates": [ [ [ 43.582745802592733, 41.092143256182567 ], [ 44.972480096218078, 41.248128567055595 ], [ 45.179495883979342, 40.985353908851465 ], [ 45.560351189970447, 40.812289537105926 ], [ 45.35917483905817, 40.561503811193461 ], [ 45.891907179555091, 40.218475653640013 ], [ 45.610012241402927, 39.899993801425182 ], [ 46.034534132680648, 39.628020738273079 ], [ 46.483498976432458, 39.464154771475535 ], [ 46.505719842317973, 38.770605373686294 ], [ 46.143623081248819, 38.741201483712217 ], [ 45.735379266143013, 39.319719143219743 ], [ 45.739978468616982, 39.473999131827128 ], [ 45.298144972521442, 39.471751207022464 ], [ 45.00198733905674, 39.740003567049541 ], [ 44.793989699081948, 39.713002631177062 ], [ 44.400008579288702, 40.005000311842281 ], [ 43.656436395040942, 40.253563951166186 ], [ 43.752657911968413, 40.740200914058761 ], [ 43.582745802592733, 41.092143256182567 ] ] ] } },
{ "type": "Feature", "properties": { "scalerank": 1, "featurecla": "Admin-0 country", "LABELRANK": 4.0, "SOVEREIGNT": "Antarctica", "SOV_A3": "ATA", "ADM0_DIF": 0.0, "LEVEL": 2.0, "TYPE": "Indeterminate", "ADMIN": "Antarctica", "ADM0_A3": "ATA", "GEOU_DIF": 0.0, "GEOUNIT": "Antarctica", "GU_A3": "ATA", "SU_DIF": 0.0, "SUBUNIT": "Antarctica", "SU_A3": "ATA", "BRK_DIFF": 0.0, "NAME": "Antarctica", "NAME_LONG": "Antarctica", "BRK_A3": "ATA", "BRK_NAME": "Antarctica", "BRK_GROUP": null, "ABBREV": "Ant.", "POSTAL": "AQ", "FORMAL_EN": null, "FORMAL_FR": null, "NAME_CIAWF": null, "NOTE_ADM0": null, "NOTE_BRK": "Multiple claims held in abeyance", "NAME_SORT": "Antarctica", "NAME_ALT": null, "MAPCOLOR7": 4.0, "MAPCOLOR8": 5.0, "MAPCOLOR9": 1.0, "MAPCOLOR13": -99.0, "POP_EST": 4050.0, "POP_RANK": 4.0, "GDP_MD_EST": 810.0, "POP_YEAR": 2013.0, "LASTCENSUS": -99.0, "GDP_YEAR": 2013.0, "ECONOMY": "6. Developing region", "INCOME_GRP": "2. High income: nonOECD", "WIKIPEDIA": -99.0, "FIPS_10_": "AY", "ISO_A2": "AQ", "ISO_A3": "ATA", "ISO_A3_EH": "ATA", "ISO_N3": "010", "UN_A3": "-099", "WB_A2": "-99", "WB_A3": "-99", "WOE_ID": 28289409.0, "WOE_ID_EH": 28289409.0, "WOE_NOTE": "Exact WOE match as country", "ADM0_A3_IS": "ATA", "ADM0_A3_US": "ATA", "ADM0_A3_UN": -99.0, "ADM0_A3_WB": -99.0, "CONTINENT": "Antarctica", "REGION_UN": "Antarctica", "SUBREGION": "Antarctica", "REGION_WB": "Antarctica", "NAME_LEN": 10.0, "LONG_LEN": 10.0, "ABBREV_LEN": 4.0, "TINY": -99.0, "HOMEPART": 1.0, "MIN_ZOOM": 0.0, "MIN_LABEL": 4.0, "MAX_LABEL": 9.0 }, "geometry": { "type": "MultiPolygon", "coordinates": [ [ [ [ -59.572094692611586, -80.040178725096297 ], [ -59.86584937197469, -80.549656671061854 ], [ -60.159655727770172, -81.000326837079314 ], [ -62.25539343936714, -80.863177585776654 ], [ -64.488125372969819, -80.921933689292558 ], [ -65.741666429289921, -80.588827406739128 ], [ -65.741666429289921, -80.549656671061854 ], [ -66.290030890555101, -80.25577280061799 ], [ -64.037687750897703, -80.294943536295264 ], [ -61.88324561221711, -80.392870375488272 ], [ -61.138975796133423, -79.981370945148086 ], [ -60.610119188058377, -79.628679294756111 ], [ -59.572094692611586, -80.040178725096297 ] ] ], [ [ [ -159.208183560197625, -79.497059421708713 ], [ -161.127601284814745, -79.634208673011287 ], [ -162.439846768218388, -79.281465346187019 ], [ -163.027407803376946, -78.928773695794945 ], [ -163.066604377270409, -78.869965915846848 ], [ -163.71289567772871, -78.595667413241529 ], [ -163.71289567772871, -78.595666605797277 ], [ -163.105800951163786, -78.223337911134365 ], [ -161.245113491846382, -78.380175883140168 ], [ -160.246208055644502, -78.693645121422662 ], [ -159.482404548154477, -79.046337579258974 ], [ -159.208183560197625, -79.497059421708713 ] ] ], [ [ [ -45.154757656421083, -78.047069600586724 ], [ -43.920827806155728, -78.478102722333261 ], [ -43.489949713706153, -79.085559991368541 ], [ -43.37243750667443, -79.516644789547357 ], [ -43.333266770997142, -80.026122735512928 ], [ -44.880536668464259, -80.339643650227714 ], [ -46.506173875501986, -80.594356784994304 ], [ -48.386420864441845, -80.829484551922349 ], [ -50.482106899606435, -81.025441583173119 ], [ -52.85198808451176, -80.966685479657301 ], [ -54.164259406131578, -80.633527520671578 ], [ -53.987991095584022, -80.222028090331406 ], [ -51.853134324742172, -79.947729587726087 ], [ -50.991326463410559, -79.614623305172742 ], [ -50.364594692574684, -79.183486830561634 ], [ -49.914131232286479, -78.811209004886678 ], [ -49.306958991073088, -78.45856903092691 ], [ -48.660616014182494, -78.047017924154432 ], [ -48.660616014182494, -78.047018731598683 ], [ -48.151396450378371, -78.047069600586724 ], [ -46.662856818210997, -77.831475525065031 ], [ -45.154757656421083, -78.047069600586724 ] ] ], [ [ [ -121.211511393857108, -73.500990499006036 ], [ -119.918851278292024, -73.65772511814734 ], [ -118.724143032691984, -73.481353454735199 ], [ -119.292118700011926, -73.834096781559467 ], [ -120.232217163709961, -74.088809916326142 ], [ -121.622829956684228, -74.010468444971693 ], [ -122.621734585441885, -73.65777760202387 ], [ -122.621735392886208, -73.657776794579632 ], [ -122.4062446702291, -73.324618835593895 ], [ -121.211511393857108, -73.500990499006036 ] ] ], [ [ [ -125.5595664068953, -73.481353454735199 ], [ -124.031881877266841, -73.873267517236741 ], [ -124.619468750641516, -73.834096781559467 ], [ -125.912180542638893, -73.736118265934081 ], [ -127.283129645681896, -73.461768894340807 ], [ -127.283130453126233, -73.461768086896569 ], [ -126.55847184309728, -73.246225687807154 ], [ -125.5595664068953, -73.481353454735199 ] ] ], [ [ [ -98.981549648823886, -71.933334248999785 ], [ -97.884743211645088, -72.070535176734722 ], [ -96.787936774466203, -71.952971293270707 ], [ -96.200349901091442, -72.521205342752182 ], [ -96.983764614636215, -72.442863871397634 ], [ -98.198083258846822, -72.482034607074908 ], [ -99.432013109112177, -72.442863871397634 ], [ -100.783455166409269, -72.501619974913552 ], [ -101.801868455801326, -72.305662943662782 ], [ -102.330725063876372, -71.894164320766833 ], [ -102.330725063876372, -71.894163513322596 ], [ -101.703967454824422, -71.717791849910384 ], [ -100.430918545314071, -71.854992777645322 ], [ -98.981549648823886, -71.933334248999785 ] ] ], [ [ [ -68.451345994730389, -70.955822855766726 ], [ -68.333833787698751, -71.406493021784172 ], [ -68.510127936462396, -71.798407084285714 ], [ -68.784297247986956, -72.170735778948625 ], [ -69.959470994736478, -72.307885030251285 ], [ -71.07588863797011, -72.503842061502056 ], [ -72.388134121373753, -72.484256693663511 ], [ -71.89849992540826, -72.09234263116187 ], [ -73.073621995725517, -72.229491882464544 ], [ -74.190039638959121, -72.366692810199481 ], [ -74.953894822881466, -72.07275726332324 ], [ -75.012625088181181, -71.661257832983068 ], [ -73.915818651002297, -71.269344577925764 ], [ -73.915818651002297, -71.269343770481527 ], [ -73.230330776650618, -71.151779887017497 ], [ -72.074716559523523, -71.190950622694771 ], [ -71.780961880160419, -70.681472676729214 ], [ -71.722179938428411, -70.30919565849851 ], [ -71.741791144483159, -69.505782165656782 ], [ -71.173815477163203, -69.035474955368414 ], [ -70.253251512315785, -68.878740336227196 ], [ -69.724446580673032, -69.251017354457815 ], [ -69.489422166609558, -69.623346049120812 ], [ -69.058518235943808, -70.074016215138172 ], [ -68.725541144471123, -70.505152689749281 ], [ -68.451345994730389, -70.955822855766726 ] ] ], [ [ [ -58.614142829000997, -64.152467130133118 ], [ -59.045072597882836, -64.368009529222633 ], [ -59.789342413966608, -64.211223233649122 ], [ -60.611927863188669, -64.309201749274422 ], [ -61.297415737540348, -64.544329516202566 ], [ -62.02210018578549, -64.799094327401434 ], [ -62.511760219966988, -65.093029874277505 ], [ -62.64885779483734, -65.484942321890657 ], [ -62.59012752953771, -65.857219340121361 ], [ -62.12007870141079, -66.190325622674692 ], [ -62.805566575762441, -66.425505066034944 ], [ -63.745690070232428, -66.503846537389578 ], [ -64.294106207930014, -66.837004496375215 ], [ -64.881693081304689, -67.150473734657709 ], [ -65.508424852140536, -67.581610209268916 ], [ -65.665081956633372, -67.953887227499436 ], [ -65.312545335538061, -68.365334981407415 ], [ -64.783714565679304, -68.678907572554493 ], [ -63.961103278241154, -68.913983663050161 ], [ -63.19729977075113, -69.227556254197253 ], [ -62.785955369707807, -69.619418640266503 ], [ -62.570516323482877, -69.991747334929499 ], [ -62.276735805903598, -70.383661397431041 ], [ -61.806661139560561, -70.716767679984542 ], [ -61.512906460197371, -71.089044698215076 ], [ -61.375808885327189, -72.010073750953111 ], [ -61.081976691315504, -72.382350769183816 ], [ -61.003661058177244, -72.774264831685358 ], [ -60.690269334543132, -73.166178894187084 ], [ -60.827366909413399, -73.695242207991186 ], [ -61.375808885327189, -74.106741638331457 ], [ -61.963369920485661, -74.439847920884887 ], [ -63.295200771727934, -74.576997172187447 ], [ -63.745690070232428, -74.929740499011729 ], [ -64.352836473229644, -75.262846781565244 ], [ -65.860987311451851, -75.635123799795764 ], [ -67.192818162694095, -75.791910095369445 ], [ -68.446281704365816, -76.007452494458761 ], [ -69.797723761662894, -76.222994893548261 ], [ -70.600723843046325, -76.634494323888447 ], [ -72.206775682245421, -76.673665059565707 ], [ -73.969536302369733, -76.634494323888447 ], [ -75.55597693551411, -76.712887471675188 ], [ -77.24037024606767, -76.712887471675188 ], [ -76.926978522433643, -77.10480153417673 ], [ -75.399293992805013, -77.281069844724371 ], [ -74.282876349571467, -77.555420023761798 ], [ -73.656118740519503, -77.908111674153957 ], [ -74.772536383753135, -78.221632588868744 ], [ -76.496100429983983, -78.123654073243273 ], [ -77.925858120419349, -78.378418884442254 ], [ -77.984665900367531, -78.789918314782341 ], [ -78.023784959612527, -79.18183318472822 ], [ -76.848637051079095, -79.514939467281735 ], [ -76.633223843070454, -79.887216485512255 ], [ -75.360097418911721, -80.259545180175252 ], [ -73.24485185412459, -80.416331475748748 ], [ -71.442946336539194, -80.690629978353982 ], [ -70.013162807887738, -81.004150893068783 ], [ -68.191646084247509, -81.317671807783569 ], [ -65.704278530526722, -81.47445810335725 ], [ -63.25603003605076, -81.74875660596247 ], [ -61.552025519442367, -82.042692152838541 ], [ -59.69141557477343, -82.375850111824349 ], [ -58.712121344626269, -82.846105645680353 ], [ -58.222487148660889, -83.21843434034335 ], [ -57.008116828017876, -82.865691013519069 ], [ -55.362894253141604, -82.571755466642827 ], [ -53.619770677288216, -82.258234551928041 ], [ -51.543644171746081, -82.003521417161352 ], [ -49.761349860215518, -81.72917123812384 ], [ -47.273930630062267, -81.709585870285281 ], [ -44.825707973802565, -81.84673512158777 ], [ -42.808363409992438, -82.081914564948107 ], [ -42.162020433101844, -81.650829766769377 ], [ -40.771433478343653, -81.356894219893221 ], [ -38.24481767429711, -81.337308852054576 ], [ -36.266669684380275, -81.121714776532968 ], [ -34.386396857224412, -80.906172377443482 ], [ -32.310296189898366, -80.769023126140823 ], [ -30.097097947702053, -80.592651462728682 ], [ -28.549802212018761, -80.337938327962007 ], [ -29.254901292425075, -79.985195001137726 ], [ -29.685805223091023, -79.632503350745665 ], [ -29.685805223091023, -79.260226332514961 ], [ -31.624808315546602, -79.299397068192235 ], [ -33.681323615034017, -79.456131687333453 ], [ -35.639912075328311, -79.456131687333453 ], [ -35.91410722506896, -79.083854669102919 ], [ -35.777009650198693, -78.339248148765066 ], [ -35.326546189910488, -78.123654073243273 ], [ -33.896762661258833, -77.888526306315242 ], [ -32.212369350705274, -77.653450215819561 ], [ -30.998050706494553, -77.359514668943319 ], [ -29.783732062284116, -77.065579122067248 ], [ -28.882779303491418, -76.673665059565707 ], [ -27.511751878355597, -76.497345072585773 ], [ -26.160335659274779, -76.36014414485075 ], [ -25.474821946706925, -76.281802673496287 ], [ -23.92755204923975, -76.242580261386721 ], [ -22.458597784910921, -76.105431010084232 ], [ -21.224693772861826, -75.909473978833461 ], [ -20.010375128651134, -75.67434621190543 ], [ -18.913542853256217, -75.439218444977286 ], [ -17.522981736714144, -75.125697530262499 ], [ -16.641588507543986, -74.792539571276862 ], [ -15.701490851290202, -74.49860402440062 ], [ -15.407710333710838, -74.106741638331457 ], [ -16.465320196996345, -73.871613871403412 ], [ -16.112783575901233, -73.460114441063141 ], [ -15.446855231171924, -73.146541849916062 ], [ -14.408804897509015, -72.950584818665291 ], [ -13.311972622113956, -72.715457051737332 ], [ -12.29350765628962, -72.401936137022545 ], [ -11.510067104528559, -72.010073750953111 ], [ -11.020432908563066, -71.539766540664829 ], [ -10.295774298534127, -71.265416361627302 ], [ -9.101015183946146, -71.324224141575499 ], [ -8.611380987980567, -71.657330424128844 ], [ -7.416621873392387, -71.696501159806118 ], [ -7.377451137715298, -71.324224141575499 ], [ -6.868231573911089, -70.932310079073957 ], [ -5.790984666354831, -71.030288594699257 ], [ -5.536374884452727, -71.40261728936234 ], [ -4.341667446296924, -71.461373392878073 ], [ -3.048981492515566, -71.28505340589814 ], [ -1.795492112627755, -71.167437846001832 ], [ -0.659489101555494, -71.226245625950028 ], [ -0.228636847322122, -71.637745056290299 ], [ 0.868195428072966, -71.304638773736855 ], [ 1.886686232113505, -71.128267110324728 ], [ 3.022637566753474, -70.991117859022069 ], [ 4.139055209986992, -70.853916931287031 ], [ 5.157546014027616, -70.618789164359072 ], [ 6.273911980828871, -70.462054545217782 ], [ 7.135719842160654, -70.246512146128367 ], [ 7.74286624515787, -69.893768819304015 ], [ 8.487110223025269, -70.148533630503067 ], [ 9.525134718472259, -70.011332702768215 ], [ 10.249845004933491, -70.481639913056512 ], [ 10.817820672253333, -70.834331563448487 ], [ 11.953823683325595, -70.638374532197716 ], [ 12.404287143613999, -70.246512146128367 ], [ 13.422777947654424, -69.97216196709094 ], [ 14.734997592842035, -70.030918070606759 ], [ 15.126756626046642, -70.403246765269756 ], [ 15.949342075268589, -70.030918070606759 ], [ 17.026588982825217, -69.913354187142744 ], [ 18.201711053142276, -69.87418345146547 ], [ 19.259372592860075, -69.893768819304015 ], [ 20.375738559661499, -70.011332702768215 ], [ 21.452985467217843, -70.070140482716241 ], [ 21.923034295344792, -70.403246765269756 ], [ 22.56940311045139, -70.697182312145827 ], [ 23.66618370941427, -70.520810648733772 ], [ 24.841357456163621, -70.481639913056512 ], [ 25.977308790803676, -70.481639913056512 ], [ 27.093726434037308, -70.462054545217782 ], [ 28.09258019380681, -70.324853617483001 ], [ 29.150241733524638, -70.207289734018985 ], [ 30.031583286262588, -69.932939554981289 ], [ 30.97173261894855, -69.756619568001526 ], [ 31.990171746556911, -69.658641052376055 ], [ 32.754052768695345, -69.384290873338543 ], [ 33.3024430681767, -68.835642191695712 ], [ 33.870418735496543, -68.50258758557456 ], [ 34.908494907375911, -68.659270528283486 ], [ 35.300202264148226, -69.012013855107924 ], [ 36.162010125479725, -69.247141622035969 ], [ 37.20003462092663, -69.168748474249043 ], [ 37.905107863116854, -69.521440124641202 ], [ 38.649403517416971, -69.77620493584017 ], [ 39.667894321457339, -69.541077168912039 ], [ 40.020430942552508, -69.109940694300931 ], [ 40.921357863129089, -68.933620707321182 ], [ 41.959434035008172, -68.600514424767738 ], [ 42.938702426939045, -68.463313497032715 ], [ 44.113876173688624, -68.267408142214236 ], [ 44.897290887233368, -68.051865743124907 ], [ 45.719928012887777, -67.816737976196777 ], [ 46.503342726432635, -67.601195577107461 ], [ 47.443440382686362, -67.718759460571476 ], [ 48.344418979695121, -67.366067810179501 ], [ 48.990736118369654, -67.09171763114189 ], [ 49.930885451055616, -67.111302998980449 ], [ 50.753470900277676, -66.876175232052475 ], [ 50.949324578663919, -66.523483581660415 ], [ 51.791547072156987, -66.249133402622903 ], [ 52.614132521378991, -66.053176371372132 ], [ 53.613037957580872, -65.896390075798621 ], [ 54.533550245996111, -65.818048604443987 ], [ 55.414943475166268, -65.876804707959906 ], [ 56.355041131419938, -65.974783223585376 ], [ 57.158092889235633, -66.249133402622903 ], [ 57.255968051996462, -66.680218200801704 ], [ 58.137361281166619, -67.013324483355149 ], [ 58.744507684163892, -67.287674662392661 ], [ 59.939318475184308, -67.40523854585669 ], [ 60.605220981697386, -67.679588724894202 ], [ 61.427806430919389, -67.953887227499436 ], [ 62.387489455011718, -68.012695007447547 ], [ 63.190489536395177, -67.816737976196777 ], [ 64.052349074159082, -67.40523854585669 ], [ 64.992446730412979, -67.620729268513713 ], [ 65.971715122343909, -67.738344828410021 ], [ 66.911864455029701, -67.855908711874136 ], [ 67.891132846960971, -67.934301859660792 ], [ 68.890038283162966, -67.934301859660792 ], [ 69.712623732384799, -68.972791442998442 ], [ 69.673452996707425, -69.227556254197253 ], [ 69.555940789675816, -69.678226420214699 ], [ 68.596257765583488, -69.932939554981289 ], [ 67.812739699174216, -70.305268249644286 ], [ 67.949888950476719, -70.697182312145827 ], [ 69.066306593710323, -70.67754526787499 ], [ 68.929157342407763, -71.069459330376532 ], [ 68.419989455035903, -71.441788025039529 ], [ 67.949888950476719, -71.853287455379615 ], [ 68.713769972615097, -72.166808370094401 ], [ 69.869306675093895, -72.264786885719872 ], [ 71.024895054004645, -72.088415222307745 ], [ 71.573285353486, -71.696501159806118 ], [ 71.90628828317486, -71.324224141575499 ], [ 72.454626906224092, -71.010703226860613 ], [ 73.081410353492146, -70.716767679984542 ], [ 73.33602013539425, -70.364024353160204 ], [ 73.864876743469182, -69.87418345146547 ], [ 74.49155683787265, -69.77620493584017 ], [ 75.627559848944912, -69.73703420016281 ], [ 76.626465285146793, -69.619418640266503 ], [ 77.64490441275521, -69.462684021125284 ], [ 78.134538608720533, -69.070769958623742 ], [ 78.428370802732189, -68.698441263960746 ], [ 79.113858677083869, -68.326215922162518 ], [ 80.093127069014855, -68.071502787395744 ], [ 80.935349562507753, -67.875545756144973 ], [ 81.483791538421514, -67.54238779715925 ], [ 82.051767205741413, -67.366067810179501 ], [ 82.776425815770409, -67.209281514605919 ], [ 83.77533125197246, -67.30726003023122 ], [ 84.676206496116691, -67.209281514605919 ], [ 85.655526564480027, -67.09171763114189 ], [ 86.752358839874802, -67.150473734657709 ], [ 87.477017449903798, -66.876175232052475 ], [ 87.986288690140299, -66.209910990513336 ], [ 88.358410679073955, -66.484261169550933 ], [ 88.828407830768498, -66.95456837983923 ], [ 89.670630324261566, -67.150473734657709 ], [ 90.630365024786244, -67.228866882444464 ], [ 91.590099725310807, -67.111302998980449 ], [ 92.608538852919054, -67.18969614676719 ], [ 93.548636509172894, -67.209281514605919 ], [ 94.175419956440948, -67.111302998980449 ], [ 95.017590773501723, -67.170110778928731 ], [ 95.781471795640215, -67.385653178017961 ], [ 96.682398716216852, -67.248503926715472 ], [ 97.759645623773082, -67.248503926715472 ], [ 98.680209588620613, -67.111302998980449 ], [ 99.718182407635112, -67.248503926715472 ], [ 100.384188267012831, -66.915345967729678 ], [ 100.893356154384634, -66.582239685176233 ], [ 101.578895705168605, -66.307889506138721 ], [ 102.832410923272704, -65.563283793245105 ], [ 103.478676385514831, -65.700484720979972 ], [ 104.242557407653152, -65.974783223585376 ], [ 104.908459914166286, -66.327526550409644 ], [ 106.181560500108816, -66.934931335568393 ], [ 107.160880568472152, -66.95456837983923 ], [ 108.081392856887106, -66.95456837983923 ], [ 109.158639764443677, -66.837004496375215 ], [ 110.235834995567785, -66.699803568640348 ], [ 111.058472121222138, -66.425505066034944 ], [ 111.743959995573931, -66.131569519158873 ], [ 112.860377638807535, -66.092347107049392 ], [ 113.604673293107425, -65.876804707959906 ], [ 114.388088006651998, -66.072761739210677 ], [ 114.897307570456206, -66.386282653925463 ], [ 115.602380812646601, -66.699803568640348 ], [ 116.699161411609424, -66.660632832962989 ], [ 117.384700962393168, -66.915345967729678 ], [ 118.579460076981292, -67.170110778928731 ], [ 119.832923618653041, -67.268089294554017 ], [ 120.870999790532125, -67.18969614676719 ], [ 121.654414504077096, -66.876175232052475 ], [ 122.320368687022352, -66.562654317337689 ], [ 123.221295607598933, -66.484261169550933 ], [ 124.122274204607635, -66.6214620972859 ], [ 125.160247023622304, -66.719388936478907 ], [ 126.10039635630838, -66.562654317337689 ], [ 127.001426629749375, -66.562654317337689 ], [ 127.88276818248724, -66.660632832962989 ], [ 128.803280470902365, -66.75861134858846 ], [ 129.704259067911181, -66.582239685176233 ], [ 130.781454299035516, -66.425505066034944 ], [ 131.799945103075942, -66.386282653925463 ], [ 132.935896437716195, -66.386282653925463 ], [ 133.856460402563442, -66.288304138300163 ], [ 134.757387323139852, -66.209962666945714 ], [ 135.031582472880785, -65.720070088818687 ], [ 135.070753208557875, -65.30857065847843 ], [ 135.697484979393522, -65.582869161083664 ], [ 135.873804966373456, -66.033591003533402 ], [ 136.206704543197731, -66.445090433873673 ], [ 136.618048944241167, -66.778196716427004 ], [ 137.460271437733951, -66.95456837983923 ], [ 138.596222772374091, -66.895760599891119 ], [ 139.908442417561474, -66.876175232052475 ], [ 140.809421014570347, -66.817367452104378 ], [ 142.121692336190137, -66.817367452104378 ], [ 143.061841668876156, -66.797782084265648 ], [ 144.374061314063653, -66.837004496375215 ], [ 145.490427280865021, -66.915345967729678 ], [ 146.195552199487878, -67.228866882444464 ], [ 145.999698521101521, -67.601195577107461 ], [ 146.646067336208176, -67.895131123983703 ], [ 147.723262567332341, -68.130258890911747 ], [ 148.839628534133766, -68.385023702110544 ], [ 150.132314487914954, -68.561292012658186 ], [ 151.483704868779654, -68.71812998466406 ], [ 152.502247349252485, -68.874812927372972 ], [ 153.638198683892568, -68.894501648076101 ], [ 154.284567498999223, -68.561292012658186 ], [ 155.165857375304796, -68.835642191695712 ], [ 155.929790073875523, -69.14921478284279 ], [ 156.811131626613388, -69.384290873338543 ], [ 158.025527785472406, -69.482269388963928 ], [ 159.181012811518741, -69.599833272427958 ], [ 159.670698683916584, -69.991747334929499 ], [ 160.806650018556496, -70.22687510185753 ], [ 161.570479364262809, -70.579618428681812 ], [ 162.686897007496412, -70.736353047823187 ], [ 163.842433709974927, -70.716767679984542 ], [ 164.919680617531213, -70.77552378350029 ], [ 166.11443973211945, -70.755938415661745 ], [ 167.309095493843046, -70.834331563448487 ], [ 168.425616489941177, -70.971480814751061 ], [ 169.463589308955903, -71.206660258111384 ], [ 170.501665480834987, -71.40261728936234 ], [ 171.206790399457617, -71.696501159806118 ], [ 171.089226515993772, -72.088415222307745 ], [ 170.560421584350735, -72.441158549132098 ], [ 170.109958124062445, -72.891828715149387 ], [ 169.757369826535154, -73.244520365541533 ], [ 169.287320998408376, -73.656019795881633 ], [ 167.975101353220765, -73.812806091455201 ], [ 167.387488641629801, -74.16549774184719 ], [ 166.094802687848443, -74.381040140936676 ], [ 165.644390903992445, -74.772954203438218 ], [ 164.95885135320853, -75.145282898101215 ], [ 164.234192743179705, -75.458803812816015 ], [ 163.822796665703919, -75.870303243156201 ], [ 163.568238560234278, -76.242580261386721 ], [ 163.470260044608978, -76.693302103836544 ], [ 163.489897088879815, -77.065579122067248 ], [ 164.057872756199771, -77.457441508136498 ], [ 164.273363478856965, -77.829770202799324 ], [ 164.743463983416092, -78.182513529623776 ], [ 166.604125604517407, -78.319611104494044 ], [ 166.995781284857429, -78.750747579105251 ], [ 165.193875767272033, -78.907483005690693 ], [ 163.666217075859578, -79.123025404780009 ], [ 161.766384719081174, -79.162247816889675 ], [ 160.924162225588276, -79.730481866370965 ], [ 160.747893915040748, -80.20073740022714 ], [ 160.31696414615871, -80.573066094890038 ], [ 159.78821089094842, -80.945394789553035 ], [ 161.120015903974405, -81.278501072106479 ], [ 161.629287144210906, -81.690000502446566 ], [ 162.490991652677991, -82.06227752067727 ], [ 163.70533613510483, -82.395435479662893 ], [ 165.095948928078855, -82.708956394377779 ], [ 166.604125604517407, -83.022477309092579 ], [ 168.895665318068012, -83.335998223807366 ], [ 169.404781529007636, -83.825890801934378 ], [ 172.283933954149376, -84.041433201023693 ], [ 172.477048781624177, -84.117914320815672 ], [ 173.224083286835452, -84.413710219254398 ], [ 175.985671828513176, -84.158997084487638 ], [ 178.277211542063952, -84.472517999202424 ], [ 180.0, -84.71338 ], [ 180.0, -90.0 ], [ -180.0, -90.0 ], [ -180.0, -84.71338 ], [ -179.942499356179013, -84.721443373552489 ], [ -179.058677334691197, -84.139411716649178 ], [ -177.2567718171058, -84.452932631363879 ], [ -177.140806673265843, -84.417941227148305 ], [ -176.084672818077678, -84.099259128758405 ], [ -175.947234613627757, -84.110448710216616 ], [ -175.829882168662607, -84.117914320815672 ], [ -174.382502814815666, -84.534323012223552 ], [ -173.116559414745439, -84.117914320815672 ], [ -172.889105598012804, -84.061018568862337 ], [ -169.951222907571434, -83.884646905450111 ], [ -168.999988980158719, -84.117914320815672 ], [ -168.530198534193318, -84.237390232274464 ], [ -167.022099372403403, -84.570496514827909 ], [ -164.182143521155126, -84.825209649594584 ], [ -161.929774543281439, -85.138730564309384 ], [ -158.071379564424944, -85.373910007669707 ], [ -155.192252977499265, -85.099559828632195 ], [ -150.942098965437992, -85.295516859882966 ], [ -148.533072883071583, -85.609037774597667 ], [ -145.888918226332976, -85.315102227721596 ], [ -143.107718478600418, -85.040752048683899 ], [ -142.892279432375602, -84.570496514827909 ], [ -146.829068366463275, -84.531274102718342 ], [ -150.060731574483952, -84.296146335790382 ], [ -150.902928229760818, -83.904232273288841 ], [ -153.586201138300169, -83.688689874199341 ], [ -153.409906989536438, -83.238019708182065 ], [ -153.037759162386493, -82.826520277841809 ], [ -152.665637173452751, -82.454191583178812 ], [ -152.861516690055055, -82.042692152838541 ], [ -154.526298794553952, -81.768393650233307 ], [ -155.290179816692387, -81.415650323409039 ], [ -156.837449714159561, -81.102129408694253 ], [ -154.408786587522229, -81.16093718864245 ], [ -152.097661506132795, -81.004150893068783 ], [ -150.648292609642624, -81.337308852054576 ], [ -148.865998298112061, -81.043373305178335 ], [ -147.220749885019472, -80.671044610515523 ], [ -146.417748996191847, -80.337938327962007 ], [ -146.770286424731268, -79.926438897621921 ], [ -148.062946540296366, -79.652088718584224 ], [ -149.531900804625081, -79.358204848140446 ], [ -151.588416104112497, -79.299397068192235 ], [ -153.390321621697808, -79.162247816889675 ], [ -155.329376390585765, -79.06426930126419 ], [ -155.975667691044151, -78.691939799157041 ], [ -157.268301968393047, -78.378418884442254 ], [ -158.051768358370111, -78.025675557617973 ], [ -158.36513424378802, -76.889207458655022 ], [ -157.875474209606466, -76.987237650712615 ], [ -156.974573127246032, -77.3007585654275 ], [ -155.329376390585765, -77.202728373369737 ], [ -153.742832404576802, -77.065579122067248 ], [ -152.920246955354742, -77.496663920245979 ], [ -151.333780483994303, -77.398737081052886 ], [ -150.001949632751916, -77.183143005531278 ], [ -148.748486091080338, -76.908844502925959 ], [ -147.612483080008076, -76.575738220372529 ], [ -146.104408948990084, -76.477759704747058 ], [ -146.143528008234966, -76.105431010084232 ], [ -146.496091274990533, -75.733153991853527 ], [ -146.202309949967002, -75.380410665029174 ], [ -144.909623996185815, -75.204039001616962 ], [ -144.322037122811054, -75.537196960602756 ], [ -142.794352593182595, -75.341239929351985 ], [ -141.638764214271589, -75.086475118152933 ], [ -140.209006523836138, -75.066889750314473 ], [ -138.85759030475532, -74.968911234688989 ], [ -137.506199923890534, -74.733783467760958 ], [ -136.428901339901898, -74.518241068671642 ], [ -135.214582695691263, -74.302698669582227 ], [ -134.43119382036258, -74.361454773097961 ], [ -133.745654269578637, -74.439847920884887 ], [ -132.257167928732031, -74.302698669582227 ], [ -130.925311239273583, -74.479018656561976 ], [ -129.554283814137847, -74.459433288723432 ], [ -128.242038330734204, -74.322284037420687 ], [ -126.890622111653229, -74.420262553046157 ], [ -125.402082479485856, -74.518241068671642 ], [ -124.011495524727678, -74.479018656561976 ], [ -122.562152466453682, -74.49860402440062 ], [ -121.073612834286223, -74.518241068671642 ], [ -119.702559570934298, -74.479018656561976 ], [ -118.684145474098003, -74.185083109685905 ], [ -117.469800991671278, -74.028348490544616 ], [ -116.216311611783482, -74.243890889633946 ], [ -115.021552497195387, -74.06751922622189 ], [ -113.944331427855047, -73.714827575829915 ], [ -113.297988450964468, -74.028348490544616 ], [ -112.945451829869356, -74.381040140936676 ], [ -112.299083014762658, -74.714198099922413 ], [ -111.261058519315696, -74.420262553046157 ], [ -110.06632524294379, -74.792539571276862 ], [ -108.714909023862802, -74.910103454740891 ], [ -107.559346483168184, -75.184453633778404 ], [ -106.149148322355089, -75.125697530262499 ], [ -104.876073574628734, -74.949325866850444 ], [ -103.367948574622631, -74.988496602527633 ], [ -102.016506517325638, -75.125697530262499 ], [ -100.64553076862228, -75.302017517242433 ], [ -100.116699998763252, -74.870932719063518 ], [ -100.763042975654017, -74.537826436510187 ], [ -101.252703009835514, -74.185083109685905 ], [ -102.54533728718458, -74.106741638331457 ], [ -103.113312954504522, -73.734412943668374 ], [ -103.328752000729267, -73.362084249005562 ], [ -103.681288621824379, -72.617530212544153 ], [ -102.917485114334426, -72.754679463846898 ], [ -101.605239630930797, -72.813435567362632 ], [ -100.312527838933434, -72.754679463846898 ], [ -99.137379930400087, -72.911414082988102 ], [ -98.118889126359562, -73.205349629864173 ], [ -97.688036872126077, -73.558041280256333 ], [ -96.336594814828999, -73.61684906020443 ], [ -95.043960537479933, -73.47969980890187 ], [ -93.672907274128079, -73.283742777650929 ], [ -92.439003262079012, -73.166178894187084 ], [ -91.420564134470766, -73.401306661115115 ], [ -90.088733283228407, -73.322913513328189 ], [ -89.226951260112997, -72.558722432595943 ], [ -88.423951178729595, -73.009392598613402 ], [ -87.268336961602586, -73.185764262025629 ], [ -86.014821743498487, -73.087785746400158 ], [ -85.19223629427654, -73.47969980890187 ], [ -83.879990810872812, -73.518870544578959 ], [ -82.665646328446115, -73.636434428043074 ], [ -81.470913052074195, -73.851976827132404 ], [ -80.687446662097045, -73.47969980890187 ], [ -80.295790981757051, -73.126956482077418 ], [ -79.296885545554971, -73.518870544578959 ], [ -77.925858120419349, -73.420892028953659 ], [ -76.90736731637881, -73.636434428043074 ], [ -76.221879442027046, -73.969540710596419 ], [ -74.890048590784772, -73.871613871403412 ], [ -73.852024095337981, -73.656019795881633 ], [ -72.833533291297471, -73.401306661115115 ], [ -71.619214647086835, -73.26415740981237 ], [ -70.209042324489928, -73.146541849916062 ], [ -68.93591590033131, -73.009392598613402 ], [ -67.956621670184148, -72.793850199524087 ], [ -67.369060635025562, -72.480329284809287 ], [ -67.134036220962003, -72.049244486630386 ], [ -67.251548427993754, -71.637745056290299 ], [ -67.564940151627951, -71.245830993788758 ], [ -67.917476772723063, -70.853916931287031 ], [ -68.230842658140887, -70.462054545217782 ], [ -68.485452440042991, -70.109311218393515 ], [ -68.544208543558995, -69.717397155891973 ], [ -68.446281704365816, -69.325534769822724 ], [ -67.976232876238981, -68.953206075159727 ], [ -67.584499681250293, -68.541706644819456 ], [ -67.42784257675757, -68.149844258750207 ], [ -67.623670416927666, -67.718759460571476 ], [ -67.741182623959389, -67.326845398069935 ], [ -67.251548427993754, -66.876175232052475 ], [ -66.703183966728631, -66.582239685176233 ], [ -66.056815151621834, -66.209962666945714 ], [ -65.371327277270183, -65.896390075798621 ], [ -64.56827551945446, -65.602506205354672 ], [ -64.1765423244658, -65.171423022064431 ], [ -63.628152024984587, -64.897072843026734 ], [ -63.001394415932623, -64.642308031827852 ], [ -62.041685553624035, -64.583551928311948 ], [ -61.414927944572071, -64.270031013597148 ], [ -60.709854702381762, -64.074073982346377 ], [ -59.887269253159616, -63.956510098882354 ], [ -59.162584804914587, -63.701745287683565 ], [ -58.594557461162253, -63.388224372968594 ], [ -57.811142747617566, -63.270660489504657 ], [ -57.223581712458895, -63.525425300703631 ], [ -57.59572953960884, -63.858531583257061 ], [ -58.614142829000997, -64.152467130133118 ] ] ] ] } },
{ "type": "Feature", "properties": { "scalerank": 3, "featurecla": "Admin-0 country", "LABELRANK": 6.0, "SOVEREIGNT": "France", "SOV_A3": "FR1", "ADM0_DIF": 1.0, "LEVEL": 2.0, "TYPE": "Dependency", "ADMIN": "French Southern and Antarctic Lands", "ADM0_A3": "ATF", "GEOU_DIF": 0.0, "GEOUNIT": "French Southern and Antarctic Lands", "GU_A3": "ATF", "SU_DIF": 0.0, "SUBUNIT": "French Southern and Antarctic Lands", "SU_A3": "ATF", "BRK_DIFF": 0.0, "NAME": "Fr. S. Antarctic Lands", "NAME_LONG": "French Southern and Antarctic Lands", "BRK_A3": "ATF", "BRK_NAME": "Fr. S. and Antarctic Lands", "BRK_GROUP": null, "ABBREV": "Fr. S.A.L.", "POSTAL": "TF", "FORMAL_EN": "Territory of the French Southern and Antarctic Lands", "FORMAL_FR": null, "NAME_CIAWF": null, "NOTE_ADM0": "Fr.", "NOTE_BRK": null, "NAME_SORT": "French Southern and Antarctic Lands", "NAME_ALT": null, "MAPCOLOR7": 7.0, "MAPCOLOR8": 5.0, "MAPCOLOR9": 9.0, "MAPCOLOR13": 11.0, "POP_EST": 140.0, "POP_RANK": 1.0, "GDP_MD_EST": 16.0, "POP_YEAR": 2017.0, "LASTCENSUS": -99.0, "GDP_YEAR": 2016.0, "ECONOMY": "6. Developing region", "INCOME_GRP": "2. High income: nonOECD", "WIKIPEDIA": -99.0, "FIPS_10_": "FS", "ISO_A2": "TF", "ISO_A3": "ATF", "ISO_A3_EH": "ATF", "ISO_N3": "260", "UN_A3": "-099", "WB_A2": "-99", "WB_A3": "-99", "WOE_ID": 28289406.0, "WOE_ID_EH": 28289406.0, "WOE_NOTE": "Exact WOE match as country", "ADM0_A3_IS": "ATF", "ADM0_A3_US": "ATF", "ADM0_A3_UN": -99.0, "ADM0_A3_WB": -99.0, "CONTINENT": "Seven seas (open ocean)", "REGION_UN": "Seven seas (open ocean)", "SUBREGION": "Seven seas (open ocean)", "REGION_WB": "Sub-Saharan Africa", "NAME_LEN": 22.0, "LONG_LEN": 35.0, "ABBREV_LEN": 10.0, "TINY": 2.0, "HOMEPART": -99.0, "MIN_ZOOM": 0.0, "MIN_LABEL": 4.0, "MAX_LABEL": 9.0 }, "geometry": { "type": "Polygon", "coordinates": [ [ [ 68.935, -48.625 ], [ 69.58, -48.94 ], [ 70.525, -49.065 ], [ 70.56, -49.255 ], [ 70.28, -49.71 ], [ 68.745, -49.775 ], [ 68.72, -49.2425 ], [ 68.8675, -48.83 ], [ 68.935, -48.625 ] ] ] } },
{ "type": "Feature", "properties": { "scalerank": 1, "featurecla": "Admin-0 country", "LABELRANK": 2.0, "SOVEREIGNT": "Australia", "SOV_A3": "AU1", "ADM0_DIF": 1.0, "LEVEL": 2.0, "TYPE": "Country", "ADMIN": "Australia", "ADM0_A3": "AUS", "GEOU_DIF": 0.0, "GEOUNIT": "Australia", "GU_A3": "AUS", "SU_DIF": 0.0, "SUBUNIT": "Australia", "SU_A3": "AUS", "BRK_DIFF": 0.0, "NAME": "Australia", "NAME_LONG": "Australia", "BRK_A3": "AUS", "BRK_NAME": "Australia", "BRK_GROUP": null, "ABBREV": "Auz.", "POSTAL": "AU", "FORMAL_EN": "Commonwealth of Australia", "FORMAL_FR": null, "NAME_CIAWF": "Australia", "NOTE_ADM0": null, "NOTE_BRK": null, "NAME_SORT": "Australia", "NAME_ALT": null, "MAPCOLOR7": 1.0, "MAPCOLOR8": 2.0, "MAPCOLOR9": 2.0, "MAPCOLOR13": 7.0, "POP_EST": 23232413.0, "POP_RANK": 15.0, "GDP_MD_EST": 1189000.0, "POP_YEAR": 2017.0, "LASTCENSUS": 2006.0, "GDP_YEAR": 2016.0, "ECONOMY": "2. Developed region: nonG7", "INCOME_GRP": "1. High income: OECD", "WIKIPEDIA": -99.0, "FIPS_10_": "AS", "ISO_A2": "AU", "ISO_A3": "AUS", "ISO_A3_EH": "AUS", "ISO_N3": "036", "UN_A3": "036", "WB_A2": "AU", "WB_A3": "AUS", "WOE_ID": -90.0, "WOE_ID_EH": 23424748.0, "WOE_NOTE": "Includes Ashmore and Cartier Islands (23424749) and Coral Sea Islands (23424790).", "ADM0_A3_IS": "AUS", "ADM0_A3_US": "AUS", "ADM0_A3_UN": -99.0, "ADM0_A3_WB": -99.0, "CONTINENT": "Oceania", "REGION_UN": "Oceania", "SUBREGION": "Australia and New Zealand", "REGION_WB": "East Asia & Pacific", "NAME_LEN": 9.0, "LONG_LEN": 9.0, "ABBREV_LEN": 4.0, "TINY": -99.0, "HOMEPART": 1.0, "MIN_ZOOM": 0.0, "MIN_LABEL": 1.7, "MAX_LABEL": 5.7 }, "geometry": { "type": "MultiPolygon", "coordinates": [ [ [ [ 145.397978143494896, -40.792548516605976 ], [ 146.364120721623664, -41.137695407883328 ], [ 146.908583612250851, -41.000546156580754 ], [ 147.689259474884153, -40.808258152022674 ], [ 148.289067824496072, -40.875437514002115 ], [ 148.359864536735898, -42.062445163746432 ], [ 148.017301467073054, -42.40702361426861 ], [ 147.91405195535387, -43.211522312188492 ], [ 147.564564243763954, -42.937688897473862 ], [ 146.870343052354968, -43.634597263362082 ], [ 146.663327264593676, -43.580853773778543 ], [ 146.04837772032036, -43.549744561538873 ], [ 145.431929559510621, -42.693776137056261 ], [ 145.295090366801702, -42.033609714527543 ], [ 144.718071323830685, -41.162551771815785 ], [ 144.743754510679679, -40.703975111657698 ], [ 145.397978143494896, -40.792548516605976 ] ] ], [ [ [ 143.56181115130002, -13.763655694232199 ], [ 143.922099237238882, -14.548310642151989 ], [ 144.563713820574861, -14.171176039285868 ], [ 144.894908075133486, -14.594457696188613 ], [ 145.374723748963476, -14.984976495018358 ], [ 145.271991001567329, -15.428205254785766 ], [ 145.485259637635778, -16.285672295804758 ], [ 145.637033319276981, -16.784918308176586 ], [ 145.8889042502677, -16.906926364817636 ], [ 146.160308872664558, -17.761654554925229 ], [ 146.06367394427869, -18.280072523677291 ], [ 146.387478469019669, -18.95827402107588 ], [ 147.471081577747924, -19.48072275154675 ], [ 148.177601760042506, -19.955939222902757 ], [ 148.848413527623251, -20.391209812097244 ], [ 148.717465448195611, -20.633468926681587 ], [ 149.289420200802141, -21.260510756111088 ], [ 149.678337030230665, -22.342511895438378 ], [ 150.077382440388618, -22.122783705333305 ], [ 150.482939081015189, -22.556142266533001 ], [ 150.727265252891215, -22.402404880464644 ], [ 150.899554478152339, -23.462236830338668 ], [ 151.60917524638424, -24.076256198830748 ], [ 152.073539666959135, -24.457886651306183 ], [ 152.85519738180588, -25.267501316023001 ], [ 153.136162144176836, -26.071173191026176 ], [ 153.161948683890415, -26.641319268502428 ], [ 153.092908970348589, -27.260299574494496 ], [ 153.569469028944155, -28.110066827102088 ], [ 153.512108189100246, -28.995077406532744 ], [ 153.339095493787028, -29.458201592732436 ], [ 153.069241164358829, -30.350240166954805 ], [ 153.089601678681817, -30.923641859665437 ], [ 152.891577590139406, -31.640445651986028 ], [ 152.450002476205412, -32.55000253675523 ], [ 151.709117466436766, -33.041342054986416 ], [ 151.343971795862359, -33.816023451473839 ], [ 151.010555454715217, -34.310360202777957 ], [ 150.714139439088996, -35.173459974916796 ], [ 150.328219842733262, -35.671879164371916 ], [ 150.075212030232279, -36.420205580390501 ], [ 149.946124302367224, -37.109052422841216 ], [ 149.997283970336156, -37.425260512035209 ], [ 149.423882277625495, -37.772681166333456 ], [ 148.304622430615922, -37.809061374666953 ], [ 147.381733026315288, -38.219217217767536 ], [ 146.922122837511353, -38.606532077795109 ], [ 146.317921991154861, -39.035756524411426 ], [ 145.489652134380577, -38.593767999019036 ], [ 144.876976353128185, -38.417448012039202 ], [ 145.032212355732923, -37.896187839510972 ], [ 144.485682407814039, -38.085323581699257 ], [ 143.609973586196105, -38.809465427405314 ], [ 142.745426873952994, -38.538267510737512 ], [ 142.178329705981952, -38.380034275059828 ], [ 141.606581659104762, -38.308514092767865 ], [ 140.638578729413297, -38.019332777662541 ], [ 139.992158237874293, -37.402936293285094 ], [ 139.806588169514072, -36.643602797188265 ], [ 139.574147577065304, -36.138362318670659 ], [ 139.082808058834104, -35.732754001611767 ], [ 138.120747918856324, -35.61229623793939 ], [ 138.449461704665026, -35.12726124444788 ], [ 138.207564325106688, -34.384722588845918 ], [ 137.719170363516213, -35.076825046531013 ], [ 136.829405552314739, -35.260534763328607 ], [ 137.352371047108562, -34.707338555644085 ], [ 137.503886346588359, -34.130267836240762 ], [ 137.890116001537677, -33.64047861097842 ], [ 137.810327590079083, -32.900007012668098 ], [ 136.996837192940433, -33.752771498348622 ], [ 136.37206912653167, -34.094766127256264 ], [ 135.989043410384312, -34.890118096660473 ], [ 135.208212518454076, -34.478670342752594 ], [ 135.239218377829189, -33.947953383115049 ], [ 134.613416782774635, -33.222778008763129 ], [ 134.085903761939193, -32.848072198214751 ], [ 134.273902622617101, -32.617233575166949 ], [ 132.990776808809784, -32.011224053680181 ], [ 132.288080682504955, -31.982646986622754 ], [ 131.326330601120929, -31.495803318001037 ], [ 129.535793898639696, -31.590422865527472 ], [ 128.240937534702283, -31.948488864877845 ], [ 127.102867466338267, -32.282266941051034 ], [ 126.148713820501229, -32.215966078420593 ], [ 125.088623488465686, -32.728751316052822 ], [ 124.221647983904887, -32.959486586236054 ], [ 124.028946567888596, -33.483847344701701 ], [ 123.659666782730739, -33.890179131812715 ], [ 122.811036411633694, -33.914467054989913 ], [ 122.183064406422801, -34.00340219496421 ], [ 121.299190708502607, -33.821036065406219 ], [ 120.58026818245807, -33.930176690406611 ], [ 119.89369510302825, -33.976065362281801 ], [ 119.298899367348753, -34.509366143533953 ], [ 119.00734093635802, -34.464149265278522 ], [ 118.505717808100798, -34.746819349915086 ], [ 118.024971958489544, -35.0647327613747 ], [ 117.295507440257467, -35.025458672832855 ], [ 116.625109084135005, -35.025096937806822 ], [ 115.564346958479717, -34.386427911111539 ], [ 115.026808709779601, -34.196517022438911 ], [ 115.048616164206834, -33.623425388322019 ], [ 115.545123325667163, -33.487257989232944 ], [ 115.714673700016732, -33.259571628554937 ], [ 115.679378696761404, -32.900368747694117 ], [ 115.801645135563973, -32.205062351207019 ], [ 115.68961063035519, -31.612437025683775 ], [ 115.160909051577022, -30.601594333622444 ], [ 114.997043084779506, -30.030724786094154 ], [ 115.040037876446348, -29.461095472940784 ], [ 114.641974318502065, -28.810230808224702 ], [ 114.616497837382127, -28.516398614213031 ], [ 114.173579136208474, -28.118076674107314 ], [ 114.048883905088218, -27.334765313427113 ], [ 113.477497593236961, -26.543134047147888 ], [ 113.338953078262506, -26.11654509857847 ], [ 113.778357782040274, -26.549025160429167 ], [ 113.440962355606558, -25.621278171493145 ], [ 113.936901076311671, -25.91123463308287 ], [ 114.23285200404726, -26.298446140245858 ], [ 114.216160516416977, -25.786281019801095 ], [ 113.72125532435777, -24.998938897402113 ], [ 113.625343866023996, -24.683971042583138 ], [ 113.393523390762624, -24.384764499613254 ], [ 113.502043898575579, -23.806350192970243 ], [ 113.706992629045118, -23.560215345964053 ], [ 113.843418410295698, -23.059987481378727 ], [ 113.736551548316157, -22.475475355725365 ], [ 114.14975630092195, -21.755881036060998 ], [ 114.225307244932623, -22.517488295178708 ], [ 114.64776207891876, -21.829519952076993 ], [ 115.460167270979269, -21.49517343514853 ], [ 115.947372674627019, -21.068687839443697 ], [ 116.711615431791557, -20.701681817306806 ], [ 117.166316359527713, -20.623598728113791 ], [ 117.441545037914324, -20.746898695562237 ], [ 118.22955895393298, -20.374208265873222 ], [ 118.836085239742744, -20.263310642174815 ], [ 118.987807244951711, -20.044202569257308 ], [ 119.252493931150724, -19.952941989829824 ], [ 119.805225050944529, -19.976506442954971 ], [ 120.856220330896718, -19.683707777589177 ], [ 121.39985639860717, -19.239755547769718 ], [ 121.655137974129019, -18.705317885007119 ], [ 122.241665480641842, -18.19764861417184 ], [ 122.28662397673574, -17.798603204013986 ], [ 122.312772251475423, -17.254967136303435 ], [ 123.012574497571933, -16.405199883695843 ], [ 123.433789097183109, -17.268558037996215 ], [ 123.859344517106678, -17.069035332917238 ], [ 123.503242222183275, -16.596506036040438 ], [ 123.817073195491872, -16.111316013251979 ], [ 124.258286574399875, -16.327943617419535 ], [ 124.379726190285822, -15.567059828353962 ], [ 124.926152785340122, -15.075100192935395 ], [ 125.16727501841396, -14.680395603090076 ], [ 125.670086704613794, -14.510070082256007 ], [ 125.685796340030521, -14.230655612853823 ], [ 126.125149367376054, -14.347340996968924 ], [ 126.142822707219835, -14.0959868303012 ], [ 126.582589146023707, -13.952791436420483 ], [ 127.065867140817346, -13.817967624570912 ], [ 127.804633416861947, -14.276906019755117 ], [ 128.359689976108967, -14.869169610252243 ], [ 128.985543247595871, -14.875990899314729 ], [ 129.621473423379626, -14.969783623924542 ], [ 129.409600050982959, -14.420669854391107 ], [ 129.888640578328619, -13.618703301653468 ], [ 130.339465773642956, -13.357375583553463 ], [ 130.183506300986068, -13.10752003342229 ], [ 130.617795037967056, -12.536392103732453 ], [ 131.223494500860028, -12.183648776908186 ], [ 131.735091180549517, -12.302452894747148 ], [ 132.575298293183124, -12.114040622610986 ], [ 132.55721154188106, -11.603012383676671 ], [ 131.824698114143729, -11.273781833545172 ], [ 132.357223748911366, -11.128519382372716 ], [ 133.01956058159638, -11.376411228076819 ], [ 133.550845981989113, -11.786515394745109 ], [ 134.393068475482011, -12.042365411022146 ], [ 134.678632440326993, -11.941182956594673 ], [ 135.298491245667975, -12.248606052299024 ], [ 135.882693312727696, -11.962266940969783 ], [ 136.258380975489473, -12.049341729381595 ], [ 136.492475213771655, -11.857208754120379 ], [ 136.951620314685016, -12.351958916882808 ], [ 136.685124953355768, -12.887223402562029 ], [ 136.305406528875181, -13.291229750219884 ], [ 135.961758254134196, -13.324509372615864 ], [ 136.077616815332505, -13.724278252825769 ], [ 135.783836297753254, -14.2239893530882 ], [ 135.428664178611228, -14.715432224183886 ], [ 135.500184360903262, -14.997740573794417 ], [ 136.295174595281395, -15.550264987859094 ], [ 137.065360142159506, -15.870762220933329 ], [ 137.580470819244823, -16.215082289294074 ], [ 138.303217401279056, -16.807604261952733 ], [ 138.585164015863398, -16.806622409739163 ], [ 139.108542922115561, -17.062679131745355 ], [ 139.260574985918225, -17.371600843986172 ], [ 140.215245396078245, -17.710804945550038 ], [ 140.87546349503927, -17.369068698803929 ], [ 141.071110467696286, -16.832047214426709 ], [ 141.27409549373877, -16.388870131091679 ], [ 141.398222284103866, -15.840531508042574 ], [ 141.702183058844668, -15.044921156476917 ], [ 141.563380161708693, -14.561333103089581 ], [ 141.635520461188122, -14.270394789286271 ], [ 141.519868605718983, -13.698078301653794 ], [ 141.650920038011094, -12.944687595270551 ], [ 141.842691278246292, -12.741547539931261 ], [ 141.686990187750865, -12.407614434461124 ], [ 141.928629185147571, -11.877465915578767 ], [ 142.118488397388063, -11.328042087451593 ], [ 142.143706496346368, -11.042736504768214 ], [ 142.515260044524922, -10.668185723516714 ], [ 142.79731001197402, -11.157354831591505 ], [ 142.866763136974299, -11.784706719614917 ], [ 143.115946893485699, -11.905629571177897 ], [ 143.158631626558787, -12.325655612846177 ], [ 143.522123651299836, -12.834358412327404 ], [ 143.597157830987641, -13.400422051652569 ], [ 143.56181115130002, -13.763655694232199 ] ] ] ] } },
{ "type": "Feature", "properties": { "scalerank": 1, "featurecla": "Admin-0 country", "LABELRANK": 4.0, "SOVEREIGNT": "Austria", "SOV_A3": "AUT", "ADM0_DIF": 0.0, "LEVEL": 2.0, "TYPE": "Sovereign country", "ADMIN": "Austria", "ADM0_A3": "AUT", "GEOU_DIF": 0.0, "GEOUNIT": "Austria", "GU_A3": "AUT", "SU_DIF": 0.0, "SUBUNIT": "Austria", "SU_A3": "AUT", "BRK_DIFF": 0.0, "NAME": "Austria", "NAME_LONG": "Austria", "BRK_A3": "AUT", "BRK_NAME": "Austria", "BRK_GROUP": null, "ABBREV": "Aust.", "POSTAL": "A", "FORMAL_EN": "Republic of Austria", "FORMAL_FR": null, "NAME_CIAWF": "Austria", "NOTE_ADM0": null, "NOTE_BRK": null, "NAME_SORT": "Austria", "NAME_ALT": null, "MAPCOLOR7": 3.0, "MAPCOLOR8": 1.0, "MAPCOLOR9": 3.0, "MAPCOLOR13": 4.0, "POP_EST": 8754413.0, "POP_RANK": 13.0, "GDP_MD_EST": 416600.0, "POP_YEAR": 2017.0, "LASTCENSUS": 2011.0, "GDP_YEAR": 2016.0, "ECONOMY": "2. Developed region: nonG7", "INCOME_GRP": "1. High income: OECD", "WIKIPEDIA": -99.0, "FIPS_10_": "AU", "ISO_A2": "AT", "ISO_A3": "AUT", "ISO_A3_EH": "AUT", "ISO_N3": "040", "UN_A3": "040", "WB_A2": "AT", "WB_A3": "AUT", "WOE_ID": 23424750.0, "WOE_ID_EH": 23424750.0, "WOE_NOTE": "Exact WOE match as country", "ADM0_A3_IS": "AUT", "ADM0_A3_US": "AUT", "ADM0_A3_UN": -99.0, "ADM0_A3_WB": -99.0, "CONTINENT": "Europe", "REGION_UN": "Europe", "SUBREGION": "Western Europe", "REGION_WB": "Europe & Central Asia", "NAME_LEN": 7.0, "LONG_LEN": 7.0, "ABBREV_LEN": 5.0, "TINY": -99.0, "HOMEPART": 1.0, "MIN_ZOOM": 0.0, "MIN_LABEL": 3.0, "MAX_LABEL": 8.0 }, "geometry": { "type": "Polygon", "coordinates": [ [ [ 16.979666782304037, 48.123497015976305 ], [ 16.903754103267261, 47.714865627628328 ], [ 16.340584344150415, 47.71290192320123 ], [ 16.534267612380376, 47.496170966169117 ], [ 16.202298211337364, 46.852385972676963 ], [ 16.011663852612656, 46.683610744811702 ], [ 15.137091912504985, 46.65870270444703 ], [ 14.632471551174829, 46.431817328469549 ], [ 13.806475457421527, 46.509306138691215 ], [ 12.376485223040788, 46.767559109069822 ], [ 12.153088006243024, 47.115393174826465 ], [ 11.164827915093269, 46.941579494812729 ], [ 11.048555942436536, 46.751358547546339 ], [ 10.442701450246631, 46.893546250997431 ], [ 9.932448357796659, 46.920728054382963 ], [ 9.479969516649021, 47.102809963563374 ], [ 9.632931756232978, 47.347601223329988 ], [ 9.59422610844635, 47.52505809182027 ], [ 9.89606814946319, 47.580196845075704 ], [ 10.402083774465211, 47.302487697939164 ], [ 10.544504021861599, 47.566399237653798 ], [ 11.426414015354737, 47.523766181012974 ], [ 12.141357456112788, 47.703083401065776 ], [ 12.620759718484493, 47.672387600284409 ], [ 12.932626987365948, 47.467645575543997 ], [ 13.025851271220491, 47.637583523135831 ], [ 12.884102817443875, 48.28914581968786 ], [ 13.243357374737, 48.416114813829054 ], [ 13.595945672264437, 48.877171942737149 ], [ 14.338897739324722, 48.555305284207208 ], [ 14.901447381254057, 48.964401760445824 ], [ 15.253415561593982, 49.039074205107582 ], [ 16.029647251050221, 48.73389903420793 ], [ 16.499282667718774, 48.785808010445109 ], [ 16.960288120194576, 48.5969823268506 ], [ 16.879982944413001, 48.47001333270947 ], [ 16.979666782304037, 48.123497015976305 ] ] ] } },
{ "type": "Feature", "properties": { "scalerank": 1, "featurecla": "Admin-0 country", "LABELRANK": 5.0, "SOVEREIGNT": "Azerbaijan", "SOV_A3": "AZE", "ADM0_DIF": 0.0, "LEVEL": 2.0, "TYPE": "Sovereign country", "ADMIN": "Azerbaijan", "ADM0_A3": "AZE", "GEOU_DIF": 0.0, "GEOUNIT": "Azerbaijan", "GU_A3": "AZE", "SU_DIF": 0.0, "SUBUNIT": "Azerbaijan", "SU_A3": "AZE", "BRK_DIFF": 0.0, "NAME": "Azerbaijan", "NAME_LONG": "Azerbaijan", "BRK_A3": "AZE", "BRK_NAME": "Azerbaijan", "BRK_GROUP": null, "ABBREV": "Aze.", "POSTAL": "AZ", "FORMAL_EN": "Republic of Azerbaijan", "FORMAL_FR": null, "NAME_CIAWF": "Azerbaijan", "NOTE_ADM0": null, "NOTE_BRK": null, "NAME_SORT": "Azerbaijan", "NAME_ALT": null, "MAPCOLOR7": 1.0, "MAPCOLOR8": 6.0, "MAPCOLOR9": 5.0, "MAPCOLOR13": 8.0, "POP_EST": 9961396.0, "POP_RANK": 13.0, "GDP_MD_EST": 167900.0, "POP_YEAR": 2017.0, "LASTCENSUS": 2009.0, "GDP_YEAR": 2016.0, "ECONOMY": "6. Developing region", "INCOME_GRP": "3. Upper middle income", "WIKIPEDIA": -99.0, "FIPS_10_": "AJ", "ISO_A2": "AZ", "ISO_A3": "AZE", "ISO_A3_EH": "AZE", "ISO_N3": "031", "UN_A3": "031", "WB_A2": "AZ", "WB_A3": "AZE", "WOE_ID": 23424741.0, "WOE_ID_EH": 23424741.0, "WOE_NOTE": "Exact WOE match as country", "ADM0_A3_IS": "AZE", "ADM0_A3_US": "AZE", "ADM0_A3_UN": -99.0, "ADM0_A3_WB": -99.0, "CONTINENT": "Asia", "REGION_UN": "Asia", "SUBREGION": "Western Asia", "REGION_WB": "Europe & Central Asia", "NAME_LEN": 10.0, "LONG_LEN": 10.0, "ABBREV_LEN": 4.0, "TINY": -99.0, "HOMEPART": 1.0, "MIN_ZOOM": 0.0, "MIN_LABEL": 4.0, "MAX_LABEL": 9.0 }, "geometry": { "type": "MultiPolygon", "coordinates": [ [ [ [ 46.505719842317973, 38.770605373686294 ], [ 46.483498976432458, 39.464154771475535 ], [ 46.034534132680648, 39.628020738273079 ], [ 45.610012241402927, 39.899993801425182 ], [ 45.891907179555091, 40.218475653640013 ], [ 45.35917483905817, 40.561503811193461 ], [ 45.560351189970447, 40.812289537105926 ], [ 45.179495883979342, 40.985353908851465 ], [ 44.972480096218078, 41.248128567055595 ], [ 45.217426385281584, 41.411451931314076 ], [ 45.962600538930388, 41.123872585609774 ], [ 46.501637404166928, 41.06444468847414 ], [ 46.637908156120581, 41.181672675128226 ], [ 46.145431756379018, 41.72280243587258 ], [ 46.404950799348825, 41.860675157227305 ], [ 46.686070591016602, 41.827137152669934 ], [ 47.37331546406628, 41.21973236751117 ], [ 47.815665724484603, 41.151416124021381 ], [ 47.987283156125983, 41.40581920019423 ], [ 48.584353396113443, 41.808868791620696 ], [ 49.110263706260724, 41.282286688800554 ], [ 49.618914829309603, 40.572924302730002 ], [ 50.084829542853157, 40.526157131505812 ], [ 50.392821079312654, 40.256561184239132 ], [ 49.569202101444858, 40.176100979160651 ], [ 49.395259230350376, 39.399481716462276 ], [ 49.223228387250771, 39.049218858387945 ], [ 48.856532423707648, 38.815486355131782 ], [ 48.883249139202491, 38.320245266262617 ], [ 48.634375441284789, 38.270377509100967 ], [ 48.010744256386459, 38.794014797514478 ], [ 48.355529412637878, 39.288764960276922 ], [ 48.060095249225242, 39.58223541926246 ], [ 47.685079380083067, 39.508363959301221 ], [ 46.505719842317973, 38.770605373686294 ] ] ], [ [ [ 44.793989699081948, 39.713002631177062 ], [ 45.00198733905674, 39.740003567049541 ], [ 45.298144972521442, 39.471751207022464 ], [ 45.739978468616982, 39.473999131827128 ], [ 45.735379266143013, 39.319719143219743 ], [ 46.143623081248819, 38.741201483712217 ], [ 45.457721795438772, 38.874139105783058 ], [ 44.952688022650307, 39.33576467544637 ], [ 44.793989699081948, 39.713002631177062 ] ] ] ] } },
{ "type": "Feature", "properties": { "scalerank": 1, "featurecla": "Admin-0 country", "LABELRANK": 6.0, "SOVEREIGNT": "Burundi", "SOV_A3": "BDI", "ADM0_DIF": 0.0, "LEVEL": 2.0, "TYPE": "Sovereign country", "ADMIN": "Burundi", "ADM0_A3": "BDI", "GEOU_DIF": 0.0, "GEOUNIT": "Burundi", "GU_A3": "BDI", "SU_DIF": 0.0, "SUBUNIT": "Burundi", "SU_A3": "BDI", "BRK_DIFF": 0.0, "NAME": "Burundi", "NAME_LONG": "Burundi", "BRK_A3": "BDI", "BRK_NAME": "Burundi", "BRK_GROUP": null, "ABBREV": "Bur.", "POSTAL": "BI", "FORMAL_EN": "Republic of Burundi", "FORMAL_FR": null, "NAME_CIAWF": "Burundi", "NOTE_ADM0": null, "NOTE_BRK": null, "NAME_SORT": "Burundi", "NAME_ALT": null, "MAPCOLOR7": 2.0, "MAPCOLOR8": 2.0, "MAPCOLOR9": 5.0, "MAPCOLOR13": 8.0, "POP_EST": 11466756.0, "POP_RANK": 14.0, "GDP_MD_EST": 7892.0, "POP_YEAR": 2017.0, "LASTCENSUS": 2008.0, "GDP_YEAR": 2016.0, "ECONOMY": "7. Least developed region", "INCOME_GRP": "5. Low income", "WIKIPEDIA": -99.0, "FIPS_10_": "BY", "ISO_A2": "BI", "ISO_A3": "BDI", "ISO_A3_EH": "BDI", "ISO_N3": "108", "UN_A3": "108", "WB_A2": "BI", "WB_A3": "BDI", "WOE_ID": 23424774.0, "WOE_ID_EH": 23424774.0, "WOE_NOTE": "Exact WOE match as country", "ADM0_A3_IS": "BDI", "ADM0_A3_US": "BDI", "ADM0_A3_UN": -99.0, "ADM0_A3_WB": -99.0, "CONTINENT": "Africa", "REGION_UN": "Africa", "SUBREGION": "Eastern Africa", "REGION_WB": "Sub-Saharan Africa", "NAME_LEN": 7.0, "LONG_LEN": 7.0, "ABBREV_LEN": 4.0, "TINY": -99.0, "HOMEPART": 1.0, "MIN_ZOOM": 0.0, "MIN_LABEL": 4.0, "MAX_LABEL": 9.0 }, "geometry": { "type": "Polygon", "coordinates": [ [ [ 29.339997592900346, -4.499983412294092 ], [ 29.276383904749053, -3.293907159034063 ], [ 29.024926385216787, -2.839257907730158 ], [ 29.632176141078588, -2.917857761246097 ], [ 29.938359002407939, -2.348486830254238 ], [ 30.469673645761223, -2.41385475710134 ], [ 30.52766, -2.80762 ], [ 30.74301, -3.03431 ], [ 30.75224, -3.35931 ], [ 30.50554, -3.56858 ], [ 30.11632, -4.09012 ], [ 29.753512404099865, -4.452389418153302 ], [ 29.339997592900346, -4.499983412294092 ] ] ] } },
{ "type": "Feature", "properties": { "scalerank": 1, "featurecla": "Admin-0 country", "LABELRANK": 2.0, "SOVEREIGNT": "Belgium", "SOV_A3": "BEL", "ADM0_DIF": 0.0, "LEVEL": 2.0, "TYPE": "Sovereign country", "ADMIN": "Belgium", "ADM0_A3": "BEL", "GEOU_DIF": 0.0, "GEOUNIT": "Belgium", "GU_A3": "BEL", "SU_DIF": 0.0, "SUBUNIT": "Belgium", "SU_A3": "BEL", "BRK_DIFF": 0.0, "NAME": "Belgium", "NAME_LONG": "Belgium", "BRK_A3": "BEL", "BRK_NAME": "Belgium", "BRK_GROUP": null, "ABBREV": "Belg.", "POSTAL": "B", "FORMAL_EN": "Kingdom of Belgium", "FORMAL_FR": null, "NAME_CIAWF": "Belgium", "NOTE_ADM0": null, "NOTE_BRK": null, "NAME_SORT": "Belgium", "NAME_ALT": null, "MAPCOLOR7": 3.0, "MAPCOLOR8": 2.0, "MAPCOLOR9": 1.0, "MAPCOLOR13": 8.0, "POP_EST": 11491346.0, "POP_RANK": 14.0, "GDP_MD_EST": 508600.0, "POP_YEAR": 2017.0, "LASTCENSUS": 2011.0, "GDP_YEAR": 2016.0, "ECONOMY": "2. Developed region: nonG7", "INCOME_GRP": "1. High income: OECD", "WIKIPEDIA": -99.0, "FIPS_10_": "BE", "ISO_A2": "BE", "ISO_A3": "BEL", "ISO_A3_EH": "BEL", "ISO_N3": "056", "UN_A3": "056", "WB_A2": "BE", "WB_A3": "BEL", "WOE_ID": 23424757.0, "WOE_ID_EH": 23424757.0, "WOE_NOTE": "Exact WOE match as country", "ADM0_A3_IS": "BEL", "ADM0_A3_US": "BEL", "ADM0_A3_UN": -99.0, "ADM0_A3_WB": -99.0, "CONTINENT": "Europe", "REGION_UN": "Europe", "SUBREGION": "Western Europe", "REGION_WB": "Europe & Central Asia", "NAME_LEN": 7.0, "LONG_LEN": 7.0, "ABBREV_LEN": 5.0, "TINY": -99.0, "HOMEPART": 1.0, "MIN_ZOOM": 0.0, "MIN_LABEL": 4.0, "MAX_LABEL": 9.0 }, "geometry": { "type": "Polygon", "coordinates": [ [ [ 4.047071160507528, 51.26725861266857 ], [ 4.973991326526914, 51.475023708698131 ], [ 5.606975945670001, 51.037298488969782 ], [ 6.15665815595878, 50.803721015010581 ], [ 6.043073357781111, 50.128051662794235 ], [ 5.782417433300907, 50.09032786722122 ], [ 5.674051954784829, 49.529483547557504 ], [ 4.799221632515696, 49.985373033236357 ], [ 4.286022983425084, 49.907496649772554 ], [ 3.588184441755658, 50.37899241800352 ], [ 3.123251580425659, 50.780363267614547 ], [ 2.658422071960274, 50.796848049515745 ], [ 2.513573032246114, 51.148506171261886 ], [ 3.314971144228537, 51.345780951536085 ], [ 3.31501148496416, 51.34577662473805 ], [ 3.314971144228537, 51.34575511331991 ], [ 4.047071160507528, 51.26725861266857 ] ] ] } },
{ "type": "Feature", "properties": { "scalerank": 1, "featurecla": "Admin-0 country", "LABELRANK": 5.0, "SOVEREIGNT": "Benin", "SOV_A3": "BEN", "ADM0_DIF": 0.0, "LEVEL": 2.0, "TYPE": "Sovereign country", "ADMIN": "Benin", "ADM0_A3": "BEN", "GEOU_DIF": 0.0, "GEOUNIT": "Benin", "GU_A3": "BEN", "SU_DIF": 0.0, "SUBUNIT": "Benin", "SU_A3": "BEN", "BRK_DIFF": 0.0, "NAME": "Benin", "NAME_LONG": "Benin", "BRK_A3": "BEN", "BRK_NAME": "Benin", "BRK_GROUP": null, "ABBREV": "Benin", "POSTAL": "BJ", "FORMAL_EN": "Republic of Benin", "FORMAL_FR": null, "NAME_CIAWF": "Benin", "NOTE_ADM0": null, "NOTE_BRK": null, "NAME_SORT": "Benin", "NAME_ALT": null, "MAPCOLOR7": 1.0, "MAPCOLOR8": 2.0, "MAPCOLOR9": 2.0, "MAPCOLOR13": 12.0, "POP_EST": 11038805.0, "POP_RANK": 14.0, "GDP_MD_EST": 24310.0, "POP_YEAR": 2017.0, "LASTCENSUS": 2002.0, "GDP_YEAR": 2016.0, "ECONOMY": "7. Least developed region", "INCOME_GRP": "5. Low income", "WIKIPEDIA": -99.0, "FIPS_10_": "BN", "ISO_A2": "BJ", "ISO_A3": "BEN", "ISO_A3_EH": "BEN", "ISO_N3": "204", "UN_A3": "204", "WB_A2": "BJ", "WB_A3": "BEN", "WOE_ID": 23424764.0, "WOE_ID_EH": 23424764.0, "WOE_NOTE": "Exact WOE match as country", "ADM0_A3_IS": "BEN", "ADM0_A3_US": "BEN", "ADM0_A3_UN": -99.0, "ADM0_A3_WB": -99.0, "CONTINENT": "Africa", "REGION_UN": "Africa", "SUBREGION": "Western Africa", "REGION_WB": "Sub-Saharan Africa", "NAME_LEN": 5.0, "LONG_LEN": 5.0, "ABBREV_LEN": 5.0, "TINY": -99.0, "HOMEPART": 1.0, "MIN_ZOOM": 0.0, "MIN_LABEL": 4.0, "MAX_LABEL": 9.0 }, "geometry": { "type": "Polygon", "coordinates": [ [ [ 2.691701694356254, 6.258817246928629 ], [ 1.865240512712319, 6.142157701029731 ], [ 1.618950636409238, 6.832038072126238 ], [ 1.664477573258381, 9.128590399609379 ], [ 1.46304284018467, 9.334624335157088 ], [ 1.425060662450136, 9.825395412633 ], [ 1.077795037448738, 10.175606594275024 ], [ 0.772335646171484, 10.470808213742359 ], [ 0.899563022474069, 10.99733938236426 ], [ 1.243469679376489, 11.110510769083461 ], [ 1.447178175471066, 11.547719224488858 ], [ 1.935985548519881, 11.641150214072553 ], [ 2.154473504249921, 11.940150051313339 ], [ 2.49016360841793, 12.233052069543675 ], [ 2.848643019226586, 12.235635891158211 ], [ 3.611180454125559, 11.660167141155968 ], [ 3.572216424177469, 11.32793935795152 ], [ 3.797112257511714, 10.734745591673105 ], [ 3.600070021182802, 10.332186184119408 ], [ 3.705438266625919, 10.063210354040208 ], [ 3.220351596702101, 9.444152533399702 ], [ 2.912308383810256, 9.137607937044322 ], [ 2.723792758809509, 8.506845404489709 ], [ 2.74906253420022, 7.870734361192888 ], [ 2.691701694356254, 6.258817246928629 ] ] ] } },
{ "type": "Feature", "properties": { "scalerank": 1, "featurecla": "Admin-0 country", "LABELRANK": 3.0, "SOVEREIGNT": "Burkina Faso", "SOV_A3": "BFA", "ADM0_DIF": 0.0, "LEVEL": 2.0, "TYPE": "Sovereign country", "ADMIN": "Burkina Faso", "ADM0_A3": "BFA", "GEOU_DIF": 0.0, "GEOUNIT": "Burkina Faso", "GU_A3": "BFA", "SU_DIF": 0.0, "SUBUNIT": "Burkina Faso", "SU_A3": "BFA", "BRK_DIFF": 0.0, "NAME": "Burkina Faso", "NAME_LONG": "Burkina Faso", "BRK_A3": "BFA", "BRK_NAME": "Burkina Faso", "BRK_GROUP": null, "ABBREV": "B.F.", "POSTAL": "BF", "FORMAL_EN": "Burkina Faso", "FORMAL_FR": null, "NAME_CIAWF": "Burkina Faso", "NOTE_ADM0": null, "NOTE_BRK": null, "NAME_SORT": "Burkina Faso", "NAME_ALT": null, "MAPCOLOR7": 2.0, "MAPCOLOR8": 1.0, "MAPCOLOR9": 5.0, "MAPCOLOR13": 11.0, "POP_EST": 20107509.0, "POP_RANK": 15.0, "GDP_MD_EST": 32990.0, "POP_YEAR": 2017.0, "LASTCENSUS": 2006.0, "GDP_YEAR": 2016.0, "ECONOMY": "7. Least developed region", "INCOME_GRP": "5. Low income", "WIKIPEDIA": -99.0, "FIPS_10_": "UV", "ISO_A2": "BF", "ISO_A3": "BFA", "ISO_A3_EH": "BFA", "ISO_N3": "854", "UN_A3": "854", "WB_A2": "BF", "WB_A3": "BFA", "WOE_ID": 23424978.0, "WOE_ID_EH": 23424978.0, "WOE_NOTE": "Exact WOE match as country", "ADM0_A3_IS": "BFA", "ADM0_A3_US": "BFA", "ADM0_A3_UN": -99.0, "ADM0_A3_WB": -99.0, "CONTINENT": "Africa", "REGION_UN": "Africa", "SUBREGION": "Western Africa", "REGION_WB": "Sub-Saharan Africa", "NAME_LEN": 12.0, "LONG_LEN": 12.0, "ABBREV_LEN": 4.0, "TINY": -99.0, "HOMEPART": 1.0, "MIN_ZOOM": 0.0, "MIN_LABEL": 3.0, "MAX_LABEL": 8.0 }, "geometry": { "type": "Polygon", "coordinates": [ [ [ 2.154473504249921, 11.940150051313339 ], [ 1.935985548519881, 11.641150214072553 ], [ 1.447178175471066, 11.547719224488858 ], [ 1.243469679376489, 11.110510769083461 ], [ 0.899563022474069, 10.99733938236426 ], [ 0.023802524423701, 11.018681748900804 ], [ -0.438701544588582, 11.098340969278722 ], [ -0.761575893548183, 10.936929633015055 ], [ -1.203357713211432, 11.009819240762738 ], [ -2.940409308270461, 10.962690334512558 ], [ -2.963896246747112, 10.395334784380083 ], [ -2.827496303712707, 9.642460842319778 ], [ -3.511898972986273, 9.90032623945622 ], [ -3.980449184576685, 9.8623440617217 ], [ -4.330246954760383, 9.610834865757141 ], [ -4.779883592131966, 9.821984768101743 ], [ -4.954653286143099, 10.152713934769736 ], [ -5.404341599946974, 10.370736802609146 ], [ -5.470564947929006, 10.951269842976048 ], [ -5.197842576508648, 11.37514577885014 ], [ -5.220941941743121, 11.713858954307227 ], [ -4.427166103523803, 12.542645575404295 ], [ -4.28040503581488, 13.228443508349741 ], [ -4.006390753587226, 13.472485459848116 ], [ -3.522802700199861, 13.337661647998615 ], [ -3.10370683431276, 13.541266791228594 ], [ -2.967694464520577, 13.79815033615151 ], [ -2.191824510090385, 14.246417548067356 ], [ -2.001035122068771, 14.559008287000893 ], [ -1.066363491205664, 14.973815009007765 ], [ -0.515854458000348, 15.116157741755728 ], [ -0.26625729003058, 14.924308986872148 ], [ 0.374892205414682, 14.92890818934613 ], [ 0.295646396495101, 14.444234930880654 ], [ 0.429927605805517, 13.988733018443924 ], [ 0.993045688490071, 13.335749620003824 ], [ 1.024103224297477, 12.851825669806574 ], [ 2.177107781593776, 12.625017808477535 ], [ 2.154473504249921, 11.940150051313339 ] ] ] } },
{ "type": "Feature", "properties": { "scalerank": 1, "featurecla": "Admin-0 country", "LABELRANK": 3.0, "SOVEREIGNT": "Bangladesh", "SOV_A3": "BGD", "ADM0_DIF": 0.0, "LEVEL": 2.0, "TYPE": "Sovereign country", "ADMIN": "Bangladesh", "ADM0_A3": "BGD", "GEOU_DIF": 0.0, "GEOUNIT": "Bangladesh", "GU_A3": "BGD", "SU_DIF": 0.0, "SUBUNIT": "Bangladesh", "SU_A3": "BGD", "BRK_DIFF": 0.0, "NAME": "Bangladesh", "NAME_LONG": "Bangladesh", "BRK_A3": "BGD", "BRK_NAME": "Bangladesh", "BRK_GROUP": null, "ABBREV": "Bang.", "POSTAL": "BD", "FORMAL_EN": "People's Republic of Bangladesh", "FORMAL_FR": null, "NAME_CIAWF": "Bangladesh", "NOTE_ADM0": null, "NOTE_BRK": null, "NAME_SORT": "Bangladesh", "NAME_ALT": null, "MAPCOLOR7": 3.0, "MAPCOLOR8": 4.0, "MAPCOLOR9": 7.0, "MAPCOLOR13": 7.0, "POP_EST": 157826578.0, "POP_RANK": 17.0, "GDP_MD_EST": 628400.0, "POP_YEAR": 2017.0, "LASTCENSUS": 2011.0, "GDP_YEAR": 2016.0, "ECONOMY": "7. Least developed region", "INCOME_GRP": "5. Low income", "WIKIPEDIA": -99.0, "FIPS_10_": "BG", "ISO_A2": "BD", "ISO_A3": "BGD", "ISO_A3_EH": "BGD", "ISO_N3": "050", "UN_A3": "050", "WB_A2": "BD", "WB_A3": "BGD", "WOE_ID": 23424759.0, "WOE_ID_EH": 23424759.0, "WOE_NOTE": "Exact WOE match as country", "ADM0_A3_IS": "BGD", "ADM0_A3_US": "BGD", "ADM0_A3_UN": -99.0, "ADM0_A3_WB": -99.0, "CONTINENT": "Asia", "REGION_UN": "Asia", "SUBREGION": "Southern Asia", "REGION_WB": "South Asia", "NAME_LEN": 10.0, "LONG_LEN": 10.0, "ABBREV_LEN": 5.0, "TINY": -99.0, "HOMEPART": 1.0, "MIN_ZOOM": 0.0, "MIN_LABEL": 3.0, "MAX_LABEL": 8.0 }, "geometry": { "type": "Polygon", "coordinates": [ [ [ 92.672720981825563, 22.041238918541254 ], [ 92.65225711463799, 21.324047552978485 ], [ 92.303234490938678, 21.475485337809818 ], [ 92.36855350135562, 20.670883287025347 ], [ 92.082886183646139, 21.19219513598577 ], [ 92.02521528520839, 21.701569729086767 ], [ 91.834890985077436, 22.182935695885565 ], [ 91.41708702999766, 22.765019029221222 ], [ 90.496006300827275, 22.805016587815128 ], [ 90.586956821660976, 22.392793687422866 ], [ 90.272970819055558, 21.836367702720111 ], [ 89.847467075564282, 22.039146023033425 ], [ 89.702049595094934, 21.857115790285306 ], [ 89.418862746135488, 21.966178900637299 ], [ 89.031961297566227, 22.055708319582976 ], [ 88.876311883503092, 22.87914642993783 ], [ 88.529769728553788, 23.631141872649167 ], [ 88.699940220090923, 24.23371491138856 ], [ 88.084422235062419, 24.501657212821925 ], [ 88.306372511756024, 24.866079413344206 ], [ 88.931553989623083, 25.238692328384776 ], [ 88.209789259802506, 25.768065700782714 ], [ 88.563049350949768, 26.446525580342723 ], [ 89.35509402868729, 26.014407253518073 ], [ 89.832480910199621, 25.965082098895479 ], [ 89.920692580121852, 25.269749864192178 ], [ 90.872210727912119, 25.132600612889547 ], [ 91.79959598182208, 25.147431748957317 ], [ 92.376201613334814, 24.976692816664965 ], [ 91.915092807994426, 24.130413723237112 ], [ 91.467729933643682, 24.072639471934792 ], [ 91.158963250699728, 23.503526923104388 ], [ 91.706475050832111, 22.985263983649187 ], [ 91.869927606171316, 23.624346421802784 ], [ 92.146034783906813, 23.627498684172593 ], [ 92.672720981825563, 22.041238918541254 ] ] ] } },
{ "type": "Feature", "properties": { "scalerank": 1, "featurecla": "Admin-0 country", "LABELRANK": 4.0, "SOVEREIGNT": "Bulgaria", "SOV_A3": "BGR", "ADM0_DIF": 0.0, "LEVEL": 2.0, "TYPE": "Sovereign country", "ADMIN": "Bulgaria", "ADM0_A3": "BGR", "GEOU_DIF": 0.0, "GEOUNIT": "Bulgaria", "GU_A3": "BGR", "SU_DIF": 0.0, "SUBUNIT": "Bulgaria", "SU_A3": "BGR", "BRK_DIFF": 0.0, "NAME": "Bulgaria", "NAME_LONG": "Bulgaria", "BRK_A3": "BGR", "BRK_NAME": "Bulgaria", "BRK_GROUP": null, "ABBREV": "Bulg.", "POSTAL": "BG", "FORMAL_EN": "Republic of Bulgaria", "FORMAL_FR": null, "NAME_CIAWF": "Bulgaria", "NOTE_ADM0": null, "NOTE_BRK": null, "NAME_SORT": "Bulgaria", "NAME_ALT": null, "MAPCOLOR7": 4.0, "MAPCOLOR8": 5.0, "MAPCOLOR9": 1.0, "MAPCOLOR13": 8.0, "POP_EST": 7101510.0, "POP_RANK": 13.0, "GDP_MD_EST": 143100.0, "POP_YEAR": 2017.0, "LASTCENSUS": 2011.0, "GDP_YEAR": 2016.0, "ECONOMY": "2. Developed region: nonG7", "INCOME_GRP": "3. Upper middle income", "WIKIPEDIA": -99.0, "FIPS_10_": "BU", "ISO_A2": "BG", "ISO_A3": "BGR", "ISO_A3_EH": "BGR", "ISO_N3": "100", "UN_A3": "100", "WB_A2": "BG", "WB_A3": "BGR", "WOE_ID": 23424771.0, "WOE_ID_EH": 23424771.0, "WOE_NOTE": "Exact WOE match as country", "ADM0_A3_IS": "BGR", "ADM0_A3_US": "BGR", "ADM0_A3_UN": -99.0, "ADM0_A3_WB": -99.0, "CONTINENT": "Europe", "REGION_UN": "Europe", "SUBREGION": "Eastern Europe", "REGION_WB": "Europe & Central Asia", "NAME_LEN": 8.0, "LONG_LEN": 8.0, "ABBREV_LEN": 5.0, "TINY": -99.0, "HOMEPART": 1.0, "MIN_ZOOM": 0.0, "MIN_LABEL": 4.0, "MAX_LABEL": 9.0 }, "geometry": { "type": "Polygon", "coordinates": [ [ [ 22.657149692482989, 44.234923000661283 ], [ 22.944832391051847, 43.82378530534713 ], [ 23.332302280376325, 43.897010809904714 ], [ 24.100679152124172, 43.741051337247853 ], [ 25.569271681426926, 43.688444729174719 ], [ 26.065158725699746, 43.943493760751267 ], [ 27.242399529740908, 44.175986029632405 ], [ 27.970107049275075, 43.812468166675217 ], [ 28.558081495891997, 43.707461656258133 ], [ 28.039095086384719, 43.293171698574184 ], [ 27.673897739378049, 42.577892361006221 ], [ 27.996720411905358, 42.007358710287804 ], [ 27.13573937349048, 42.141484890301342 ], [ 26.1170418637208, 41.82690460872459 ], [ 26.106138136507127, 41.328898830727866 ], [ 25.197201368925448, 41.23448598893053 ], [ 24.492644891057978, 41.583896185872078 ], [ 23.692073601992348, 41.309080918943856 ], [ 22.952377150166452, 41.337993882811148 ], [ 22.881373732197346, 41.999297186850356 ], [ 22.380525750424592, 42.320259507815088 ], [ 22.545011834409621, 42.46136200618804 ], [ 22.43659467946128, 42.580321153323936 ], [ 22.604801466571331, 42.898518785161144 ], [ 22.986018507588483, 43.211161200527101 ], [ 22.500156691180223, 43.642814439461006 ], [ 22.410446404721597, 44.008063462899955 ], [ 22.657149692482989, 44.234923000661283 ] ] ] } },
{ "type": "Feature", "properties": { "scalerank": 1, "featurecla": "Admin-0 country", "LABELRANK": 4.0, "SOVEREIGNT": "The Bahamas", "SOV_A3": "BHS", "ADM0_DIF": 0.0, "LEVEL": 2.0, "TYPE": "Sovereign country", "ADMIN": "The Bahamas", "ADM0_A3": "BHS", "GEOU_DIF": 0.0, "GEOUNIT": "The Bahamas", "GU_A3": "BHS", "SU_DIF": 0.0, "SUBUNIT": "The Bahamas", "SU_A3": "BHS", "BRK_DIFF": 0.0, "NAME": "Bahamas", "NAME_LONG": "Bahamas", "BRK_A3": "BHS", "BRK_NAME": "Bahamas", "BRK_GROUP": null, "ABBREV": "Bhs.", "POSTAL": "BS", "FORMAL_EN": "Commonwealth of the Bahamas", "FORMAL_FR": null, "NAME_CIAWF": "Bahamas, The", "NOTE_ADM0": null, "NOTE_BRK": null, "NAME_SORT": "Bahamas, The", "NAME_ALT": null, "MAPCOLOR7": 1.0, "MAPCOLOR8": 1.0, "MAPCOLOR9": 2.0, "MAPCOLOR13": 5.0, "POP_EST": 329988.0, "POP_RANK": 10.0, "GDP_MD_EST": 9066.0, "POP_YEAR": 2017.0, "LASTCENSUS": 2010.0, "GDP_YEAR": 2016.0, "ECONOMY": "6. Developing region", "INCOME_GRP": "2. High income: nonOECD", "WIKIPEDIA": -99.0, "FIPS_10_": "BF", "ISO_A2": "BS", "ISO_A3": "BHS", "ISO_A3_EH": "BHS", "ISO_N3": "044", "UN_A3": "044", "WB_A2": "BS", "WB_A3": "BHS", "WOE_ID": 23424758.0, "WOE_ID_EH": 23424758.0, "WOE_NOTE": "Exact WOE match as country", "ADM0_A3_IS": "BHS", "ADM0_A3_US": "BHS", "ADM0_A3_UN": -99.0, "ADM0_A3_WB": -99.0, "CONTINENT": "North America", "REGION_UN": "Americas", "SUBREGION": "Caribbean", "REGION_WB": "Latin America & Caribbean", "NAME_LEN": 7.0, "LONG_LEN": 7.0, "ABBREV_LEN": 4.0, "TINY": -99.0, "HOMEPART": 1.0, "MIN_ZOOM": 0.0, "MIN_LABEL": 4.0, "MAX_LABEL": 9.0 }, "geometry": { "type": "MultiPolygon", "coordinates": [ [ [ [ -77.53466, 23.75975 ], [ -77.78, 23.71 ], [ -78.03405, 24.28615 ], [ -78.40848, 24.57564 ], [ -78.19087, 25.2103 ], [ -77.89, 25.17 ], [ -77.54, 24.34 ], [ -77.53466, 23.75975 ] ] ], [ [ [ -77.82, 26.58 ], [ -78.91, 26.42 ], [ -78.98, 26.79 ], [ -78.51, 26.87 ], [ -77.85, 26.84 ], [ -77.82, 26.58 ] ] ], [ [ [ -77.0, 26.59 ], [ -77.17255, 25.87918 ], [ -77.35641, 26.00735 ], [ -77.34, 26.53 ], [ -77.78802, 26.92516 ], [ -77.79, 27.04 ], [ -77.0, 26.59 ] ] ] ] } },
{ "type": "Feature", "properties": { "scalerank": 1, "featurecla": "Admin-0 country", "LABELRANK": 5.0, "SOVEREIGNT": "Bosnia and Herzegovina", "SOV_A3": "BIH", "ADM0_DIF": 0.0, "LEVEL": 2.0, "TYPE": "Sovereign country", "ADMIN": "Bosnia and Herzegovina", "ADM0_A3": "BIH", "GEOU_DIF": 0.0, "GEOUNIT": "Bosnia and Herzegovina", "GU_A3": "BIH", "SU_DIF": 0.0, "SUBUNIT": "Bosnia and Herzegovina", "SU_A3": "BIH", "BRK_DIFF": 0.0, "NAME": "Bosnia and Herz.", "NAME_LONG": "Bosnia and Herzegovina", "BRK_A3": "BIH", "BRK_NAME": "Bosnia and Herz.", "BRK_GROUP": null, "ABBREV": "B.H.", "POSTAL": "BiH", "FORMAL_EN": "Bosnia and Herzegovina", "FORMAL_FR": null, "NAME_CIAWF": "Bosnia and Herzegovina", "NOTE_ADM0": null, "NOTE_BRK": null, "NAME_SORT": "Bosnia and Herzegovina", "NAME_ALT": null, "MAPCOLOR7": 1.0, "MAPCOLOR8": 1.0, "MAPCOLOR9": 1.0, "MAPCOLOR13": 2.0, "POP_EST": 3856181.0, "POP_RANK": 12.0, "GDP_MD_EST": 42530.0, "POP_YEAR": 2017.0, "LASTCENSUS": 1991.0, "GDP_YEAR": 2016.0, "ECONOMY": "6. Developing region", "INCOME_GRP": "3. Upper middle income", "WIKIPEDIA": -99.0, "FIPS_10_": "BK", "ISO_A2": "BA", "ISO_A3": "BIH", "ISO_A3_EH": "BIH", "ISO_N3": "070", "UN_A3": "070", "WB_A2": "BA", "WB_A3": "BIH", "WOE_ID": 23424761.0, "WOE_ID_EH": 23424761.0, "WOE_NOTE": "Exact WOE match as country", "ADM0_A3_IS": "BIH", "ADM0_A3_US": "BIH", "ADM0_A3_UN": -99.0, "ADM0_A3_WB": -99.0, "CONTINENT": "Europe", "REGION_UN": "Europe", "SUBREGION": "Southern Europe", "REGION_WB": "Europe & Central Asia", "NAME_LEN": 16.0, "LONG_LEN": 22.0, "ABBREV_LEN": 4.0, "TINY": -99.0, "HOMEPART": 1.0, "MIN_ZOOM": 0.0, "MIN_LABEL": 4.5, "MAX_LABEL": 9.5 }, "geometry": { "type": "Polygon", "coordinates": [ [ [ 19.36803, 44.863 ], [ 19.11761, 44.423070000000109 ], [ 19.59976, 44.03847 ], [ 19.454, 43.568100000000129 ], [ 19.21852, 43.52384 ], [ 19.03165, 43.43253 ], [ 18.70648, 43.20011 ], [ 18.56, 42.65 ], [ 17.674921502358984, 43.02856252702361 ], [ 17.297373488034452, 43.446340643887368 ], [ 16.916156447017329, 43.66772247982567 ], [ 16.456442905348865, 44.041239732431279 ], [ 16.239660271884532, 44.351143296885709 ], [ 15.750026075918981, 44.818711656262565 ], [ 15.959367303133376, 45.233776760430942 ], [ 16.318156772535872, 45.004126695325908 ], [ 16.534939406000206, 45.211607570977719 ], [ 17.002146030351014, 45.233776760430942 ], [ 17.861783481526402, 45.067740383477144 ], [ 18.553214145591653, 45.081589667331457 ], [ 19.005484597557594, 44.86023449354299 ], [ 19.00548, 44.86023 ], [ 19.36803, 44.863 ] ] ] } },
{ "type": "Feature", "properties": { "scalerank": 1, "featurecla": "Admin-0 country", "LABELRANK": 4.0, "SOVEREIGNT": "Belarus", "SOV_A3": "BLR", "ADM0_DIF": 0.0, "LEVEL": 2.0, "TYPE": "Sovereign country", "ADMIN": "Belarus", "ADM0_A3": "BLR", "GEOU_DIF": 0.0, "GEOUNIT": "Belarus", "GU_A3": "BLR", "SU_DIF": 0.0, "SUBUNIT": "Belarus", "SU_A3": "BLR", "BRK_DIFF": 0.0, "NAME": "Belarus", "NAME_LONG": "Belarus", "BRK_A3": "BLR", "BRK_NAME": "Belarus", "BRK_GROUP": null, "ABBREV": "Bela.", "POSTAL": "BY", "FORMAL_EN": "Republic of Belarus", "FORMAL_FR": null, "NAME_CIAWF": "Belarus", "NOTE_ADM0": null, "NOTE_BRK": null, "NAME_SORT": "Belarus", "NAME_ALT": null, "MAPCOLOR7": 1.0, "MAPCOLOR8": 1.0, "MAPCOLOR9": 5.0, "MAPCOLOR13": 11.0, "POP_EST": 9549747.0, "POP_RANK": 13.0, "GDP_MD_EST": 165400.0, "POP_YEAR": 2017.0, "LASTCENSUS": 2009.0, "GDP_YEAR": 2016.0, "ECONOMY": "6. Developing region", "INCOME_GRP": "3. Upper middle income", "WIKIPEDIA": -99.0, "FIPS_10_": "BO", "ISO_A2": "BY", "ISO_A3": "BLR", "ISO_A3_EH": "BLR", "ISO_N3": "112", "UN_A3": "112", "WB_A2": "BY", "WB_A3": "BLR", "WOE_ID": 23424765.0, "WOE_ID_EH": 23424765.0, "WOE_NOTE": "Exact WOE match as country", "ADM0_A3_IS": "BLR", "ADM0_A3_US": "BLR", "ADM0_A3_UN": -99.0, "ADM0_A3_WB": -99.0, "CONTINENT": "Europe", "REGION_UN": "Europe", "SUBREGION": "Eastern Europe", "REGION_WB": "Europe & Central Asia", "NAME_LEN": 7.0, "LONG_LEN": 7.0, "ABBREV_LEN": 5.0, "TINY": -99.0, "HOMEPART": 1.0, "MIN_ZOOM": 0.0, "MIN_LABEL": 3.0, "MAX_LABEL": 8.0 }, "geometry": { "type": "Polygon", "coordinates": [ [ [ 23.484127638449849, 53.912497667041137 ], [ 24.450683628037037, 53.905702216194754 ], [ 25.536353794056993, 54.282423407602529 ], [ 25.768432651479799, 54.846962592175089 ], [ 26.588279249790389, 55.167175604871673 ], [ 26.494331495883756, 55.615106919977634 ], [ 27.102459751094528, 55.783313707087686 ], [ 28.176709425577997, 56.169129950578814 ], [ 29.229513380660308, 55.918344224666363 ], [ 29.371571893030673, 55.670090643936184 ], [ 29.896294386522356, 55.789463202530413 ], [ 30.87390913262001, 55.550976467503411 ], [ 30.971835971813135, 55.081547756564042 ], [ 30.757533807098721, 54.811770941784317 ], [ 31.38447228366374, 54.157056382862436 ], [ 31.791424187962239, 53.974638576872124 ], [ 31.731272820774507, 53.794029446012019 ], [ 32.405598585751164, 53.618045355842042 ], [ 32.693643019346041, 53.35142080343212 ], [ 32.304519484188233, 53.13272614197291 ], [ 31.49764, 53.167430000000167 ], [ 31.305200636528014, 53.073995876673209 ], [ 31.540018344862261, 52.742052313846472 ], [ 31.785970000000106, 52.101680000000101 ], [ 31.785992447555266, 52.10167756993971 ], [ 30.927549269338982, 52.04235342061439 ], [ 30.619454380014815, 51.822806098022454 ], [ 30.555117221811457, 51.319503485715657 ], [ 30.157363722460897, 51.416138414101468 ], [ 29.254938185347839, 51.368234361366888 ], [ 28.992835320763533, 51.602044379271476 ], [ 28.617612745892249, 51.427713934934843 ], [ 28.241615024536571, 51.572227077839067 ], [ 27.454066196408405, 51.592303371784396 ], [ 26.337958611768556, 51.832288723347929 ], [ 25.327787713327009, 51.910656032918553 ], [ 24.553106316839518, 51.888461005249184 ], [ 24.005077752384182, 51.617443956094405 ], [ 23.52707075368437, 51.578454087930311 ], [ 23.508002150168693, 52.023646552124731 ], [ 23.199493849386187, 52.486977444053672 ], [ 23.799198846133379, 52.691099351606567 ], [ 23.804934930117781, 53.089731350306074 ], [ 23.527535841575002, 53.470121568406555 ], [ 23.484127638449849, 53.912497667041137 ] ] ] } },
{ "type": "Feature", "properties": { "scalerank": 1, "featurecla": "Admin-0 country", "LABELRANK": 6.0, "SOVEREIGNT": "Belize", "SOV_A3": "BLZ", "ADM0_DIF": 0.0, "LEVEL": 2.0, "TYPE": "Sovereign country", "ADMIN": "Belize", "ADM0_A3": "BLZ", "GEOU_DIF": 0.0, "GEOUNIT": "Belize", "GU_A3": "BLZ", "SU_DIF": 0.0, "SUBUNIT": "Belize", "SU_A3": "BLZ", "BRK_DIFF": 0.0, "NAME": "Belize", "NAME_LONG": "Belize", "BRK_A3": "BLZ", "BRK_NAME": "Belize", "BRK_GROUP": null, "ABBREV": "Belize", "POSTAL": "BZ", "FORMAL_EN": "Belize", "FORMAL_FR": null, "NAME_CIAWF": "Belize", "NOTE_ADM0": null, "NOTE_BRK": null, "NAME_SORT": "Belize", "NAME_ALT": null, "MAPCOLOR7": 1.0, "MAPCOLOR8": 4.0, "MAPCOLOR9": 5.0, "MAPCOLOR13": 7.0, "POP_EST": 360346.0, "POP_RANK": 10.0, "GDP_MD_EST": 3088.0, "POP_YEAR": 2017.0, "LASTCENSUS": 2010.0, "GDP_YEAR": 2016.0, "ECONOMY": "6. Developing region", "INCOME_GRP": "4. Lower middle income", "WIKIPEDIA": -99.0, "FIPS_10_": "BH", "ISO_A2": "BZ", "ISO_A3": "BLZ", "ISO_A3_EH": "BLZ", "ISO_N3": "084", "UN_A3": "084", "WB_A2": "BZ", "WB_A3": "BLZ", "WOE_ID": 23424760.0, "WOE_ID_EH": 23424760.0, "WOE_NOTE": "Exact WOE match as country", "ADM0_A3_IS": "BLZ", "ADM0_A3_US": "BLZ", "ADM0_A3_UN": -99.0, "ADM0_A3_WB": -99.0, "CONTINENT": "North America", "REGION_UN": "Americas", "SUBREGION": "Central America", "REGION_WB": "Latin America & Caribbean", "NAME_LEN": 6.0, "LONG_LEN": 6.0, "ABBREV_LEN": 6.0, "TINY": -99.0, "HOMEPART": 1.0, "MIN_ZOOM": 0.0, "MIN_LABEL": 5.0, "MAX_LABEL": 10.0 }, "geometry": { "type": "Polygon", "coordinates": [ [ [ -89.14308041050333, 17.808318996649405 ], [ -89.150909389995533, 17.955467637600421 ], [ -89.029857347351822, 18.001511338772488 ], [ -88.848343878926613, 17.883198147040233 ], [ -88.490122850279349, 18.486830552641607 ], [ -88.300031094093697, 18.499982204659901 ], [ -88.296336229184817, 18.353272813383271 ], [ -88.106812913754382, 18.348673610909287 ], [ -88.123478563168504, 18.07667470954101 ], [ -88.285354987322805, 17.644142971258034 ], [ -88.197866787452654, 17.489475409408456 ], [ -88.302640753924436, 17.131693630435663 ], [ -88.239517991879907, 17.036066392479555 ], [ -88.355428229510565, 16.530774237529627 ], [ -88.55182451043585, 16.265467434143147 ], [ -88.732433641295941, 16.233634751851355 ], [ -88.930612759135272, 15.887273464415076 ], [ -89.229121670269279, 15.886937567605171 ], [ -89.150806037130948, 17.015576687075836 ], [ -89.14308041050333, 17.808318996649405 ] ] ] } },
{ "type": "Feature", "properties": { "scalerank": 1, "featurecla": "Admin-0 country", "LABELRANK": 3.0, "SOVEREIGNT": "Bolivia", "SOV_A3": "BOL", "ADM0_DIF": 0.0, "LEVEL": 2.0, "TYPE": "Sovereign country", "ADMIN": "Bolivia", "ADM0_A3": "BOL", "GEOU_DIF": 0.0, "GEOUNIT": "Bolivia", "GU_A3": "BOL", "SU_DIF": 0.0, "SUBUNIT": "Bolivia", "SU_A3": "BOL", "BRK_DIFF": 0.0, "NAME": "Bolivia", "NAME_LONG": "Bolivia", "BRK_A3": "BOL", "BRK_NAME": "Bolivia", "BRK_GROUP": null, "ABBREV": "Bolivia", "POSTAL": "BO", "FORMAL_EN": "Plurinational State of Bolivia", "FORMAL_FR": null, "NAME_CIAWF": "Bolivia", "NOTE_ADM0": null, "NOTE_BRK": null, "NAME_SORT": "Bolivia", "NAME_ALT": null, "MAPCOLOR7": 1.0, "MAPCOLOR8": 5.0, "MAPCOLOR9": 2.0, "MAPCOLOR13": 3.0, "POP_EST": 11138234.0, "POP_RANK": 14.0, "GDP_MD_EST": 78350.0, "POP_YEAR": 2017.0, "LASTCENSUS": 2001.0, "GDP_YEAR": 2016.0, "ECONOMY": "5. Emerging region: G20", "INCOME_GRP": "4. Lower middle income", "WIKIPEDIA": -99.0, "FIPS_10_": "BL", "ISO_A2": "BO", "ISO_A3": "BOL", "ISO_A3_EH": "BOL", "ISO_N3": "068", "UN_A3": "068", "WB_A2": "BO", "WB_A3": "BOL", "WOE_ID": 23424762.0, "WOE_ID_EH": 23424762.0, "WOE_NOTE": "Exact WOE match as country", "ADM0_A3_IS": "BOL", "ADM0_A3_US": "BOL", "ADM0_A3_UN": -99.0, "ADM0_A3_WB": -99.0, "CONTINENT": "South America", "REGION_UN": "Americas", "SUBREGION": "South America", "REGION_WB": "Latin America & Caribbean", "NAME_LEN": 7.0, "LONG_LEN": 7.0, "ABBREV_LEN": 7.0, "TINY": -99.0, "HOMEPART": 1.0, "MIN_ZOOM": 0.0, "MIN_LABEL": 3.0, "MAX_LABEL": 7.5 }, "geometry": { "type": "Polygon", "coordinates": [ [ [ -62.685057135657885, -22.249029229422387 ], [ -62.846468471921561, -22.034985446869449 ], [ -63.986838141522476, -21.99364430103595 ], [ -64.377021043542257, -22.79809132252354 ], [ -64.964892137294612, -22.075861504812327 ], [ -66.273339402924847, -21.83231047942072 ], [ -67.106673550063604, -22.735924574476417 ], [ -67.828179897722748, -22.872918796482168 ], [ -68.21991309271128, -21.494346612231865 ], [ -68.757167121033746, -20.372657972904463 ], [ -68.442225104430918, -19.405068454671408 ], [ -68.966818406841867, -18.981683444904107 ], [ -69.100246955019514, -18.260125420812642 ], [ -69.59042375352405, -17.580011895419361 ], [ -68.959635382753305, -16.50069793057127 ], [ -69.389764166934711, -15.660129082911652 ], [ -69.160346645774951, -15.323973890853019 ], [ -69.339534674747014, -14.953195489158832 ], [ -68.948886684836594, -14.453639418193283 ], [ -68.92922380234954, -13.602683607643009 ], [ -68.88007951523997, -12.899729099176653 ], [ -68.665079718689626, -12.561300144097173 ], [ -69.529678107364958, -10.951734307502194 ], [ -68.786157599549483, -11.03638030359628 ], [ -68.271253628193264, -11.014521172736821 ], [ -68.048192308205387, -10.712059014532485 ], [ -67.173801235610739, -10.306812432499612 ], [ -66.646908331962806, -9.931331475466862 ], [ -65.338435228116424, -9.761987806846392 ], [ -65.444837002205389, -10.511451104375432 ], [ -65.321898769783019, -10.895872084194679 ], [ -65.402281460213032, -11.566270440317155 ], [ -64.316352912031604, -12.461978041232193 ], [ -63.196498786050569, -12.627032565972435 ], [ -62.803060268796386, -13.000653171442686 ], [ -62.127080857986385, -13.198780612849724 ], [ -61.713204311760776, -13.489202162330052 ], [ -61.084121263255653, -13.479383640194598 ], [ -60.503304002511136, -13.775954685117659 ], [ -60.459198167550028, -14.354007256734555 ], [ -60.26432634137737, -14.645979099183641 ], [ -60.251148851142936, -15.07721892665932 ], [ -60.542965664295153, -15.093910414289596 ], [ -60.158389655179036, -16.258283786690086 ], [ -58.24121985536668, -16.299573256091293 ], [ -58.388058437724041, -16.877109063385276 ], [ -58.280804002502251, -17.271710300366017 ], [ -57.734558274961003, -17.552468357007768 ], [ -57.498371141170992, -18.174187513911292 ], [ -57.676008877174311, -18.961839694904029 ], [ -57.949997321185826, -19.400004164306822 ], [ -57.853801642474508, -19.969995212486189 ], [ -58.166392381408045, -20.176700941653678 ], [ -58.183471442280506, -19.868399346600363 ], [ -59.115042487206111, -19.356906019775401 ], [ -60.043564622626491, -19.342746677327426 ], [ -61.786326463453769, -19.633736667562964 ], [ -62.265961269770798, -20.513734633061276 ], [ -62.291179368729225, -21.051634616787393 ], [ -62.685057135657885, -22.249029229422387 ] ] ] } },
{ "type": "Feature", "properties": { "scalerank": 1, "featurecla": "Admin-0 country", "LABELRANK": 2.0, "SOVEREIGNT": "Brazil", "SOV_A3": "BRA", "ADM0_DIF": 0.0, "LEVEL": 2.0, "TYPE": "Sovereign country", "ADMIN": "Brazil", "ADM0_A3": "BRA", "GEOU_DIF": 0.0, "GEOUNIT": "Brazil", "GU_A3": "BRA", "SU_DIF": 0.0, "SUBUNIT": "Brazil", "SU_A3": "BRA", "BRK_DIFF": 0.0, "NAME": "Brazil", "NAME_LONG": "Brazil", "BRK_A3": "BRA", "BRK_NAME": "Brazil", "BRK_GROUP": null, "ABBREV": "Brazil", "POSTAL": "BR", "FORMAL_EN": "Federative Republic of Brazil", "FORMAL_FR": null, "NAME_CIAWF": "Brazil", "NOTE_ADM0": null, "NOTE_BRK": null, "NAME_SORT": "Brazil", "NAME_ALT": null, "MAPCOLOR7": 5.0, "MAPCOLOR8": 6.0, "MAPCOLOR9": 5.0, "MAPCOLOR13": 7.0, "POP_EST": 207353391.0, "POP_RANK": 17.0, "GDP_MD_EST": 3081000.0, "POP_YEAR": 2017.0, "LASTCENSUS": 2010.0, "GDP_YEAR": 2016.0, "ECONOMY": "3. Emerging region: BRIC", "INCOME_GRP": "3. Upper middle income", "WIKIPEDIA": -99.0, "FIPS_10_": "BR", "ISO_A2": "BR", "ISO_A3": "BRA", "ISO_A3_EH": "BRA", "ISO_N3": "076", "UN_A3": "076", "WB_A2": "BR", "WB_A3": "BRA", "WOE_ID": 23424768.0, "WOE_ID_EH": 23424768.0, "WOE_NOTE": "Exact WOE match as country", "ADM0_A3_IS": "BRA", "ADM0_A3_US": "BRA", "ADM0_A3_UN": -99.0, "ADM0_A3_WB": -99.0, "CONTINENT": "South America", "REGION_UN": "Americas", "SUBREGION": "South America", "REGION_WB": "Latin America & Caribbean", "NAME_LEN": 6.0, "LONG_LEN": 6.0, "ABBREV_LEN": 6.0, "TINY": -99.0, "HOMEPART": 1.0, "MIN_ZOOM": 0.0, "MIN_LABEL": 1.7, "MAX_LABEL": 5.7 }, "geometry": { "type": "Polygon", "coordinates": [ [ [ -57.625133429583002, -30.216294854454233 ], [ -56.290899624239081, -28.852760512000895 ], [ -55.162286342984572, -27.881915378533492 ], [ -54.490725267135524, -27.474756768505792 ], [ -53.648735317587892, -26.92347258881609 ], [ -53.628348965048744, -26.124865004177472 ], [ -54.13004960795439, -25.547639255477254 ], [ -54.625290696823576, -25.739255466415514 ], [ -54.428946092330591, -25.162184747012166 ], [ -54.293476325077449, -24.570799655863965 ], [ -54.292959560754518, -24.021014092710729 ], [ -54.652834235235133, -23.839578138933959 ], [ -55.02790178080955, -24.001273695575229 ], [ -55.400747239795422, -23.956935316668805 ], [ -55.517639329639636, -23.571997572526637 ], [ -55.610682745981144, -22.655619398694846 ], [ -55.797958136606908, -22.356929620047822 ], [ -56.473317430229393, -22.086300144135283 ], [ -56.881509568902899, -22.282153822521479 ], [ -57.937155727761294, -22.090175876557172 ], [ -57.8706739976178, -20.732687676681952 ], [ -58.166392381408045, -20.176700941653678 ], [ -57.853801642474508, -19.969995212486189 ], [ -57.949997321185826, -19.400004164306822 ], [ -57.676008877174311, -18.961839694904029 ], [ -57.498371141170992, -18.174187513911292 ], [ -57.734558274961003, -17.552468357007768 ], [ -58.280804002502251, -17.271710300366017 ], [ -58.388058437724041, -16.877109063385276 ], [ -58.24121985536668, -16.299573256091293 ], [ -60.158389655179036, -16.258283786690086 ], [ -60.542965664295153, -15.093910414289596 ], [ -60.251148851142936, -15.07721892665932 ], [ -60.26432634137737, -14.645979099183641 ], [ -60.459198167550028, -14.354007256734555 ], [ -60.503304002511136, -13.775954685117659 ], [ -61.084121263255653, -13.479383640194598 ], [ -61.713204311760776, -13.489202162330052 ], [ -62.127080857986385, -13.198780612849724 ], [ -62.803060268796386, -13.000653171442686 ], [ -63.196498786050569, -12.627032565972435 ], [ -64.316352912031604, -12.461978041232193 ], [ -65.402281460213032, -11.566270440317155 ], [ -65.321898769783019, -10.895872084194679 ], [ -65.444837002205389, -10.511451104375432 ], [ -65.338435228116424, -9.761987806846392 ], [ -66.646908331962806, -9.931331475466862 ], [ -67.173801235610739, -10.306812432499612 ], [ -68.048192308205387, -10.712059014532485 ], [ -68.271253628193264, -11.014521172736821 ], [ -68.786157599549483, -11.03638030359628 ], [ -69.529678107364958, -10.951734307502194 ], [ -70.093752204046893, -11.123971856331012 ], [ -70.548685675728407, -11.009146823778465 ], [ -70.481893886991173, -9.490118096558845 ], [ -71.302412278921537, -10.079436130415374 ], [ -72.18489071316985, -10.053597914269432 ], [ -72.563033006465645, -9.520193780152717 ], [ -73.226713426390162, -9.462212823121234 ], [ -73.015382656532552, -9.032833347208062 ], [ -73.571059332967067, -8.424446709835834 ], [ -73.987235480429661, -7.523829847853065 ], [ -73.723401455363501, -7.340998630404414 ], [ -73.724486660441642, -6.91859547285064 ], [ -73.120027431923603, -6.629930922068239 ], [ -73.21971126981461, -6.089188734566078 ], [ -72.9645072089412, -5.741251315944893 ], [ -72.891927659787257, -5.274561455916981 ], [ -71.748405727816547, -4.593982842633011 ], [ -70.928843349883579, -4.401591485210368 ], [ -70.794768846302304, -4.251264743673303 ], [ -69.893635219996625, -4.298186944194327 ], [ -69.444101935489613, -1.556287123219818 ], [ -69.420485805932231, -1.122618503426409 ], [ -69.5770653957766, -0.549991957200163 ], [ -70.020655890570055, -0.185156345219539 ], [ -70.015565761989308, 0.541414292804205 ], [ -69.452396002872462, 0.706158758950693 ], [ -69.252434048119056, 0.602650865070075 ], [ -69.21863766140018, 0.985676581217433 ], [ -69.80459672715773, 1.089081122233466 ], [ -69.816973232691623, 1.714805202639624 ], [ -67.868565029558837, 1.692455145673392 ], [ -67.537810024674698, 2.03716278727633 ], [ -67.259997524673594, 1.719998684084956 ], [ -67.065048183852497, 1.130112209473225 ], [ -66.87632585312258, 1.253360500489336 ], [ -66.325765143484958, 0.724452215982012 ], [ -65.548267381437569, 0.78925446207603 ], [ -65.354713304288367, 1.0952822941085 ], [ -64.611011928959869, 1.328730576987042 ], [ -64.199305792890513, 1.49285492594602 ], [ -64.083085496666087, 1.91636912679408 ], [ -63.368788011311665, 2.200899562993129 ], [ -63.422867397705119, 2.411067613124175 ], [ -64.269999152265797, 2.497005520025567 ], [ -64.408827887617917, 3.126786200366624 ], [ -64.368494432214106, 3.797210394705246 ], [ -64.816064012294021, 4.056445217297423 ], [ -64.628659430587547, 4.14848094320925 ], [ -63.888342861574159, 4.020530096854571 ], [ -63.093197597899106, 3.770571193858785 ], [ -62.804533047116706, 4.006965033377952 ], [ -62.085429653559132, 4.162123521334308 ], [ -60.966893276601539, 4.536467596856639 ], [ -60.601179165271944, 4.91809804933213 ], [ -60.733574184803722, 5.200277207861901 ], [ -60.213683437731333, 5.244486395687602 ], [ -59.980958624904886, 5.014061184098139 ], [ -60.11100236676738, 4.574966538914083 ], [ -59.767405768458715, 4.423502915866607 ], [ -59.538039923731233, 3.958802598481938 ], [ -59.815413174057866, 3.606498521332085 ], [ -59.974524909084558, 2.755232652188056 ], [ -59.718545701726747, 2.24963043864436 ], [ -59.646043667221257, 1.786893825686789 ], [ -59.030861579002647, 1.317697658692722 ], [ -58.540012986878295, 1.268088283692521 ], [ -58.429477098205965, 1.463941962078721 ], [ -58.113449876525017, 1.507195135907025 ], [ -57.660971035377372, 1.682584947105639 ], [ -57.335822923396904, 1.948537705895759 ], [ -56.782704230360828, 1.863710842288654 ], [ -56.539385748914555, 1.899522609866921 ], [ -55.995698004771754, 1.817667141116601 ], [ -55.905600145070885, 2.02199575439866 ], [ -56.073341844290297, 2.220794989425499 ], [ -55.973322109589375, 2.510363877773017 ], [ -55.569755011605999, 2.421506252447131 ], [ -55.097587449755139, 2.523748073736613 ], [ -54.524754197799723, 2.311848863123814 ], [ -54.08806250671725, 2.105556545414643 ], [ -53.778520677288917, 2.376702785650082 ], [ -53.554839240113552, 2.334896551925979 ], [ -53.418465135295307, 2.053389187015981 ], [ -52.939657151894956, 2.124857692875636 ], [ -52.556424730018421, 2.504705308437053 ], [ -52.249337531123956, 3.241094468596216 ], [ -51.657797410678889, 4.156232408053029 ], [ -51.317146369010857, 4.203490505383954 ], [ -51.069771287629656, 3.650397650564031 ], [ -50.508875291533656, 1.901563828942457 ], [ -49.974075893745059, 1.736483465986069 ], [ -49.947100796088712, 1.046189683431223 ], [ -50.699251268096916, 0.222984117021682 ], [ -50.388210822132137, -0.078444512536819 ], [ -48.62056677915632, -0.235489190271821 ], [ -48.584496629416591, -1.237805271005001 ], [ -47.824956427590635, -0.5816179337628 ], [ -46.566583624851226, -0.941027520352776 ], [ -44.905703090990414, -1.551739597178134 ], [ -44.417619187993665, -2.137750339367976 ], [ -44.581588507655781, -2.691308282078524 ], [ -43.418791266440195, -2.383110039889793 ], [ -41.472656826328247, -2.912018324397116 ], [ -39.978665330554037, -2.873054294449041 ], [ -38.500383470196567, -3.700652357603396 ], [ -37.2232521225352, -4.820945733258917 ], [ -36.452937384576387, -5.109403578312154 ], [ -35.597795783010469, -5.149504489770649 ], [ -35.23538896334756, -5.464937432480247 ], [ -34.896029832486832, -6.738193047719711 ], [ -34.729993455533034, -7.343220716992967 ], [ -35.128212042774223, -8.996401462442286 ], [ -35.636966518687714, -9.649281508017815 ], [ -37.046518724096998, -11.040721123908803 ], [ -37.683611619607362, -12.171194756725823 ], [ -38.423876512188443, -13.038118584854288 ], [ -38.673887091616521, -13.057652276260619 ], [ -38.953275722802545, -13.793369642800023 ], [ -38.882298143049653, -15.667053724838768 ], [ -39.161092495264313, -17.208406670808472 ], [ -39.267339240056401, -17.867746270420483 ], [ -39.583521491034233, -18.262295830968938 ], [ -39.760823330227637, -19.599113457927409 ], [ -40.774740770010339, -20.904511814052423 ], [ -40.944756232250612, -21.937316989837811 ], [ -41.754164191238225, -22.370675551037458 ], [ -41.98828426773656, -22.970070489190896 ], [ -43.074703742024752, -22.967693373305469 ], [ -44.647811855637812, -23.351959323827842 ], [ -45.352135789559917, -23.796841729428582 ], [ -46.472093268405537, -24.088968601174543 ], [ -47.648972337420659, -24.885199069927722 ], [ -48.495458136577703, -25.877024834905654 ], [ -48.64100480812774, -26.623697605090932 ], [ -48.474735887228654, -27.175911960561891 ], [ -48.661520351747626, -28.18613453543572 ], [ -48.8884574041574, -28.674115085567884 ], [ -49.587329474472675, -29.224469089476337 ], [ -50.696874152211485, -30.98446502047296 ], [ -51.576226162306156, -31.777698256153212 ], [ -52.256081305538046, -32.24536996839467 ], [ -52.712099982297694, -33.196578057591182 ], [ -53.373661668498244, -33.768377780900764 ], [ -53.650543992718099, -33.20200408298183 ], [ -53.209588995971544, -32.727666110974724 ], [ -53.787951626182192, -32.047242526987624 ], [ -54.572451544805119, -31.494511407193748 ], [ -55.601510179249345, -30.853878676071393 ], [ -55.973244594940937, -30.883075860316303 ], [ -56.976025763564735, -30.109686374636127 ], [ -57.625133429583002, -30.216294854454233 ] ] ] } },
{ "type": "Feature", "properties": { "scalerank": 1, "featurecla": "Admin-0 country", "LABELRANK": 6.0, "SOVEREIGNT": "Brunei", "SOV_A3": "BRN", "ADM0_DIF": 0.0, "LEVEL": 2.0, "TYPE": "Sovereign country", "ADMIN": "Brunei", "ADM0_A3": "BRN", "GEOU_DIF": 0.0, "GEOUNIT": "Brunei", "GU_A3": "BRN", "SU_DIF": 0.0, "SUBUNIT": "Brunei", "SU_A3": "BRN", "BRK_DIFF": 0.0, "NAME": "Brunei", "NAME_LONG": "Brunei Darussalam", "BRK_A3": "BRN", "BRK_NAME": "Brunei", "BRK_GROUP": null, "ABBREV": "Brunei", "POSTAL": "BN", "FORMAL_EN": "Negara Brunei Darussalam", "FORMAL_FR": null, "NAME_CIAWF": "Brunei", "NOTE_ADM0": null, "NOTE_BRK": null, "NAME_SORT": "Brunei", "NAME_ALT": null, "MAPCOLOR7": 4.0, "MAPCOLOR8": 6.0, "MAPCOLOR9": 6.0, "MAPCOLOR13": 12.0, "POP_EST": 443593.0, "POP_RANK": 10.0, "GDP_MD_EST": 33730.0, "POP_YEAR": 2017.0, "LASTCENSUS": 2001.0, "GDP_YEAR": 2016.0, "ECONOMY": "6. Developing region", "INCOME_GRP": "2. High income: nonOECD", "WIKIPEDIA": -99.0, "FIPS_10_": "BX", "ISO_A2": "BN", "ISO_A3": "BRN", "ISO_A3_EH": "BRN", "ISO_N3": "096", "UN_A3": "096", "WB_A2": "BN", "WB_A3": "BRN", "WOE_ID": 23424773.0, "WOE_ID_EH": 23424773.0, "WOE_NOTE": "Exact WOE match as country", "ADM0_A3_IS": "BRN", "ADM0_A3_US": "BRN", "ADM0_A3_UN": -99.0, "ADM0_A3_WB": -99.0, "CONTINENT": "Asia", "REGION_UN": "Asia", "SUBREGION": "South-Eastern Asia", "REGION_WB": "East Asia & Pacific", "NAME_LEN": 6.0, "LONG_LEN": 17.0, "ABBREV_LEN": 6.0, "TINY": 2.0, "HOMEPART": 1.0, "MIN_ZOOM": 0.0, "MIN_LABEL": 4.0, "MAX_LABEL": 9.0 }, "geometry": { "type": "Polygon", "coordinates": [ [ [ 114.204016554828371, 4.525873928236805 ], [ 114.599961379048722, 4.900011298029966 ], [ 115.450710483869813, 5.44772980389159 ], [ 115.405700311343608, 4.955227565933839 ], [ 115.347460972150657, 4.316636053887009 ], [ 114.869557326315402, 4.348313706881925 ], [ 114.659595981913526, 4.007636826997754 ], [ 114.204016554828371, 4.525873928236805 ] ] ] } },
{ "type": "Feature", "properties": { "scalerank": 1, "featurecla": "Admin-0 country", "LABELRANK": 5.0, "SOVEREIGNT": "Bhutan", "SOV_A3": "BTN", "ADM0_DIF": 0.0, "LEVEL": 2.0, "TYPE": "Sovereign country", "ADMIN": "Bhutan", "ADM0_A3": "BTN", "GEOU_DIF": 0.0, "GEOUNIT": "Bhutan", "GU_A3": "BTN", "SU_DIF": 0.0, "SUBUNIT": "Bhutan", "SU_A3": "BTN", "BRK_DIFF": 0.0, "NAME": "Bhutan", "NAME_LONG": "Bhutan", "BRK_A3": "BTN", "BRK_NAME": "Bhutan", "BRK_GROUP": null, "ABBREV": "Bhutan", "POSTAL": "BT", "FORMAL_EN": "Kingdom of Bhutan", "FORMAL_FR": null, "NAME_CIAWF": "Bhutan", "NOTE_ADM0": null, "NOTE_BRK": null, "NAME_SORT": "Bhutan", "NAME_ALT": null, "MAPCOLOR7": 5.0, "MAPCOLOR8": 6.0, "MAPCOLOR9": 1.0, "MAPCOLOR13": 8.0, "POP_EST": 758288.0, "POP_RANK": 11.0, "GDP_MD_EST": 6432.0, "POP_YEAR": 2017.0, "LASTCENSUS": 2005.0, "GDP_YEAR": 2016.0, "ECONOMY": "7. Least developed region", "INCOME_GRP": "4. Lower middle income", "WIKIPEDIA": -99.0, "FIPS_10_": "BT", "ISO_A2": "BT", "ISO_A3": "BTN", "ISO_A3_EH": "BTN", "ISO_N3": "064", "UN_A3": "064", "WB_A2": "BT", "WB_A3": "BTN", "WOE_ID": 23424770.0, "WOE_ID_EH": 23424770.0, "WOE_NOTE": "Exact WOE match as country", "ADM0_A3_IS": "BTN", "ADM0_A3_US": "BTN", "ADM0_A3_UN": -99.0, "ADM0_A3_WB": -99.0, "CONTINENT": "Asia", "REGION_UN": "Asia", "SUBREGION": "Southern Asia", "REGION_WB": "South Asia", "NAME_LEN": 6.0, "LONG_LEN": 6.0, "ABBREV_LEN": 6.0, "TINY": -99.0, "HOMEPART": 1.0, "MIN_ZOOM": 0.0, "MIN_LABEL": 4.0, "MAX_LABEL": 9.0 }, "geometry": { "type": "Polygon", "coordinates": [ [ [ 91.69665652869665, 27.771741848251651 ], [ 92.103711785859744, 27.452614040633208 ], [ 92.033483514375092, 26.838310451763562 ], [ 91.217512648486434, 26.808648179628022 ], [ 90.373274774134075, 26.875724188742879 ], [ 89.744527622438852, 26.719402981059957 ], [ 88.83564253128938, 27.098966376243762 ], [ 88.814248488320544, 27.299315904239336 ], [ 89.475810174521115, 28.042758897406397 ], [ 90.015828891971182, 28.296438503527217 ], [ 90.730513950567797, 28.064953925075756 ], [ 91.258853794319919, 28.040614325466294 ], [ 91.69665652869665, 27.771741848251651 ] ] ] } },
{ "type": "Feature", "properties": { "scalerank": 1, "featurecla": "Admin-0 country", "LABELRANK": 4.0, "SOVEREIGNT": "Botswana", "SOV_A3": "BWA", "ADM0_DIF": 0.0, "LEVEL": 2.0, "TYPE": "Sovereign country", "ADMIN": "Botswana", "ADM0_A3": "BWA", "GEOU_DIF": 0.0, "GEOUNIT": "Botswana", "GU_A3": "BWA", "SU_DIF": 0.0, "SUBUNIT": "Botswana", "SU_A3": "BWA", "BRK_DIFF": 0.0, "NAME": "Botswana", "NAME_LONG": "Botswana", "BRK_A3": "BWA", "BRK_NAME": "Botswana", "BRK_GROUP": null, "ABBREV": "Bwa.", "POSTAL": "BW", "FORMAL_EN": "Republic of Botswana", "FORMAL_FR": null, "NAME_CIAWF": "Botswana", "NOTE_ADM0": null, "NOTE_BRK": null, "NAME_SORT": "Botswana", "NAME_ALT": null, "MAPCOLOR7": 6.0, "MAPCOLOR8": 5.0, "MAPCOLOR9": 7.0, "MAPCOLOR13": 3.0, "POP_EST": 2214858.0, "POP_RANK": 12.0, "GDP_MD_EST": 35900.0, "POP_YEAR": 2017.0, "LASTCENSUS": 2011.0, "GDP_YEAR": 2016.0, "ECONOMY": "6. Developing region", "INCOME_GRP": "3. Upper middle income", "WIKIPEDIA": -99.0, "FIPS_10_": "BC", "ISO_A2": "BW", "ISO_A3": "BWA", "ISO_A3_EH": "BWA", "ISO_N3": "072", "UN_A3": "072", "WB_A2": "BW", "WB_A3": "BWA", "WOE_ID": 23424755.0, "WOE_ID_EH": 23424755.0, "WOE_NOTE": "Exact WOE match as country", "ADM0_A3_IS": "BWA", "ADM0_A3_US": "BWA", "ADM0_A3_UN": -99.0, "ADM0_A3_WB": -99.0, "CONTINENT": "Africa", "REGION_UN": "Africa", "SUBREGION": "Southern Africa", "REGION_WB": "Sub-Saharan Africa", "NAME_LEN": 8.0, "LONG_LEN": 8.0, "ABBREV_LEN": 4.0, "TINY": -99.0, "HOMEPART": 1.0, "MIN_ZOOM": 0.0, "MIN_LABEL": 4.0, "MAX_LABEL": 9.0 }, "geometry": { "type": "Polygon", "coordinates": [ [ [ 29.43218834810904, -22.091312758067588 ], [ 28.017235955525251, -22.827753594659079 ], [ 27.119409620886245, -23.574323011979775 ], [ 26.786406691197413, -24.240690606383485 ], [ 26.485753208123299, -24.616326592713104 ], [ 25.941652052522159, -24.696373386333221 ], [ 25.76584882986521, -25.174845472923678 ], [ 25.664666375437719, -25.486816094669713 ], [ 25.025170525825786, -25.719670098576898 ], [ 24.211266717228796, -25.670215752873574 ], [ 23.73356977712271, -25.390129489851617 ], [ 23.312096795350186, -25.26868987396572 ], [ 22.824271274514899, -25.50045867